grouping_key,clube_id,nome,slug,apelido,atleta_id,rodada_id,posicao_id,status_id,pontos_num,preco_num,variacao_num,media_num,jogos_num,RB,FC,GC,CA,CV,SG,DD,DP,GS,FS,PI,A,FT,FD,FF,G,I,PP
Flamengo,262,Everton Augusto de Barros Ribeiro,everton-ribeiro,Everton Ribeiro,51772,12,4,6,0,7.62,0,3.33,10,0,9,0,2,0,0,0,0,0,20,78,0,0,3,5,2,0,0
Flamengo,262,Diego Alves Carreira,diego-alves,Diego Alves,38509,12,1,2,0,10.72,0,2.22,5,0,0,0,0,1,1,6,0,6,2,19,0,0,0,0,0,0,0
Flamengo,262,Willian Souza Arão da Silva,willian-arao,Willian Arão,78478,12,4,6,0,8.7,0,1.98,10,0,10,0,1,0,0,0,0,0,5,39,0,0,1,5,0,0,0
Flamengo,262,Rodrigo Caio Coquette Russo,rodrigo-caio,Rodrigo Caio,73800,12,3,2,0,8.92,0,2.78,9,0,9,0,1,0,2,0,0,0,3,16,0,0,1,3,0,0,0
Flamengo,262,Filipe Luís Kasmirski,filipe-luis,Filipe Luís,38750,12,2,7,0,6.56,0,3.12,8,0,10,1,1,0,2,0,0,0,11,62,0,0,2,1,1,1,0
Flamengo,262,João Lucas de Almeida Carvalho,joao-lucas,João Lucas,104257,12,2,5,0,4.17,0,3.55,2,0,6,0,1,0,1,0,0,0,7,12,0,0,0,1,0,0,0
Flamengo,262,Diego Ribas da Cunha,diego,Diego,38909,12,4,2,0,4.5,0,0.12,7,0,10,0,2,0,0,0,0,0,15,15,0,0,0,1,0,0,0
Flamengo,262,César Bernardo Dutra,cesar,César,78086,12,1,6,0,3.38,0,1.2,4,0,0,0,0,0,2,0,0,2,0,12,0,0,0,0,0,0,0
Flamengo,262,Renê Rodrigues Martins,rene,Renê,78445,12,2,6,0,6.17,0,3.73,4,0,1,0,1,0,1,0,0,0,3,31,0,0,0,0,0,0,0
Flamengo,262,Gerson Santos da Silva,gerson,Gerson,89256,12,4,7,0,9.07,0,1.98,7,0,18,0,3,0,0,0,0,0,22,23,0,0,0,4,0,0,0
Flamengo,262,Gustavo Henrique Vernes,gustavo-henrique,Gustavo Henrique,78248,12,3,6,0,5.46,0,1.96,5,0,3,0,0,0,1,0,0,0,2,13,0,0,0,2,0,0,0
Flamengo,262,Thiago Maia Alencar,thiago-maia,Thiago Maia,89637,12,4,7,0,6.16,0,2.04,5,0,7,0,0,0,0,0,0,0,2,25,0,0,1,0,0,0,0
Flamengo,262,Leonardo Pereira,leo-pereira,Léo Pereira,83528,12,3,6,0,5.24,0,2.21,7,0,9,0,0,0,1,0,0,0,6,32,0,0,2,1,0,0,0
Flamengo,262,Victor Vinícius Coelho dos Santos,vitinho,Vitinho,78435,12,5,6,0,6.02,0,1.38,7,0,6,0,0,0,0,0,0,0,5,36,0,0,2,8,0,0,0
Flamengo,262,Pedro Guilherme Abreu dos Santos,pedro,Pedro,94583,12,5,7,0,3.25,0,2.45,8,0,8,0,1,0,0,0,0,0,2,9,0,0,4,4,2,3,0
Flamengo,262,Gabriel Batista de Souza,gabriel-batista,Gabriel Batista,98333,12,1,6,0,1.56,0,-0.9,3,0,0,0,0,0,0,2,0,5,1,12,0,0,0,0,0,0,0
Flamengo,262,Pedro Rocha Neves,pedro-rocha,Pedro Rocha,90302,12,5,6,0,3.82,0,1.33,3,0,2,0,0,0,0,0,0,0,1,15,1,0,0,0,0,0,0
Flamengo,262,Michael Richard Delgado de Oliveira,michael,Michael,99392,12,5,6,0,6.56,0,2.32,6,0,8,0,1,0,0,0,0,0,2,21,1,0,3,8,0,0,0
Flamengo,262,Lincoln Corrêa dos Santos,lincoln,Lincoln,100065,12,5,2,0,2.79,0,0,3,0,1,0,0,0,0,0,0,0,0,7,0,0,1,0,0,0,0
Flamengo,262,Matheus França Silva,matheuzinho,Matheuzinho,101727,12,2,6,0,2.32,0,2.13,4,0,2,0,1,0,0,0,0,0,2,9,1,0,2,0,0,0,0
Flamengo,262,Matheus Soares Thuler,thuler,Thuler,100125,12,3,6,0,2.37,0,-0.6,2,0,1,0,1,0,0,0,0,0,1,2,0,0,0,0,0,0,0
Flamengo,262,Hugo de Souza Nogueira,hugo-souza,Hugo Souza,101574,12,1,2,0,2,0,0,0,0,0,0,0,0,0,0,0,0,0,0,0,0,0,0,0,0,0
Flamengo,262,Rodrigo Muniz Carvalho,rodrigo-muniz,Rodrigo Muniz,107112,12,5,6,0,2,0,0,0,0,0,0,0,0,0,0,0,0,0,0,0,0,0,0,0,0,0
Flamengo,262,João Pedro Vilardi Pinto,pepe,Pepê,101573,12,4,6,0,2,0,0,0,0,0,0,0,0,0,0,0,0,0,0,0,0,0,0,0,0,0
Flamengo,262,Guilherme da Silva Gonçalves,guilherme-bala,Guilherme Bala,105318,12,5,6,0,1,0,0,0,0,0,0,0,0,0,0,0,0,0,0,0,0,0,0,0,0,0
Flamengo,262,Domènec Torrent Font,domenec-torrent,Domènec Torrent,109505,12,6,7,0,8.79,0,3.49,10,0,0,0,0,0,0,0,0,0,0,0,0,0,0,0,0,0,0
Flamengo,262,Natan Bernardo de Souza,natan,Natan,107110,12,3,7,0,1,0,0,0,0,0,0,0,0,0,0,0,0,0,0,0,0,0,0,0,0,0
Flamengo,262,Ramon Ramos Lima,ramon,Ramon,101597,12,2,6,0,1.54,0,0,1,0,0,0,0,0,0,0,0,0,0,0,0,0,0,0,0,0,0
Flamengo,262,José Ítalo Monteiro Fidelis dos Santos,italo,Ítalo,107108,12,2,6,0,1,0,0,0,0,0,0,0,0,0,0,0,0,0,0,0,0,0,0,0,0,0
Flamengo,262,Gabriel Rodrigues Noga,gabriel-noga,Gabriel Noga,107107,12,3,2,0,1,0,0,0,0,0,0,0,0,0,0,0,0,0,0,0,0,0,0,0,0,0
Flamengo,262,Richard Rios Montoya,richard-rios,Richard Rios,107111,12,4,6,0,1,0,0,0,0,0,0,0,0,0,0,0,0,0,0,0,0,0,0,0,0,0
Flamengo,262,Otávio Ataide da Silva,otavio,Otávio,110189,12,3,6,0,1,0,0,0,0,0,0,0,0,0,0,0,0,0,0,0,0,0,0,0,0,0
Flamengo,262,Vinicius Milani Bueno,milani,Milani,110188,12,3,6,0,1,0,0,0,0,0,0,0,0,0,0,0,0,0,0,0,0,0,0,0,0,0
Flamengo,262,Yuri de Oliveira,yuri-de-oliveira,Yuri de Oliveira,110190,12,4,6,0,1,0,0,0,0,0,0,0,0,0,0,0,0,0,0,0,0,0,0,0,0,0
Flamengo,262,Mauricio Aníbal Isla Isla,isla,Isla,69345,12,2,7,0,8.37,0,2.4,5,0,8,0,1,0,1,0,0,0,1,35,2,0,0,0,0,2,0
Flamengo,262,Lázaro Vinicius Marques,lazaro,Lázaro,110193,12,5,6,0,3,0,0,0,0,0,0,0,0,0,0,0,0,0,0,0,0,0,0,0,0,0
Flamengo,262,Dhouglas Francisco de Souza Rodrigues,dhouglas,Dhouglas,110207,12,4,6,0,1,0,0,0,0,0,0,0,0,0,0,0,0,0,0,0,0,0,0,0,0,0
Flamengo,262,João Fernando Monteiro Siqueira,joao-fernando,João Fernando,104079,12,1,6,0,1,0,0,0,0,0,0,0,0,0,0,0,0,0,0,0,0,0,0,0,0,0
Flamengo,262,João Victor Gomes da Silva,gomes,Gomes,107109,12,4,6,0,1,0,0,0,0,0,0,0,0,0,0,0,0,0,0,0,0,0,0,0,0,0
Flamengo,262,Gabriel Barbosa Almeida,gabriel,Gabriel,83257,12,5,5,0,13.46,0,6.96,9,0,3,0,2,0,0,0,0,0,10,55,0,1,11,15,5,7,0
Flamengo,262,Giorgian Daniel de Arrascaeta Benedetti,arrascaeta,Arrascaeta,87863,12,4,7,0,18.54,0,6.42,8,0,8,0,0,0,0,0,0,0,8,86,1,1,6,6,3,0,0
Flamengo,262,Bruno Henrique Pinto,bruno-henrique,Bruno Henrique,90285,12,5,7,0,11.48,0,2.1,6,0,15,0,3,0,0,0,0,0,19,34,1,1,3,3,0,2,0
Botafogo,263,Rafael Navarro Leal,rafael-navarro,Rafael Navarro,105770,12,5,6,0,2,0,0,0,0,0,0,0,0,0,0,0,0,0,0,0,0,0,0,0,0,0
Botafogo,263,Victor Luis Chuab Zamblauskas,victor-luis,Victor Luis,86410,12,2,7,13.5,11.6,2.23,7.47,6,0,4,0,0,0,2,0,0,0,3,59,0,0,2,1,2,0,0
Botafogo,263,Kevin Peterson dos Santos Silva,kevin,Kevin ,91888,12,2,7,2.2,3.32,0.6,2.17,7,0,6,0,1,0,1,0,0,0,6,72,0,0,3,1,0,0,0
Botafogo,263,Keisuke Honda,honda,Honda,69940,12,4,6,0,4.88,0,1.96,7,0,8,0,0,0,0,0,0,0,2,37,0,0,1,4,0,0,0
Botafogo,263,Roberto Junior Fernández Torres,gatito-fernandez,Gatito Fernández,74061,12,1,6,0,14.9,0,5.6,8,0,0,0,1,0,3,13,0,7,0,62,0,0,0,0,0,0,0
Botafogo,263,Bruno dos Santos Nazário,bruno-nazario,Bruno Nazário,81776,12,4,5,0.9,7.18,-1.14,2.92,10,0,15,0,0,0,0,0,0,0,13,80,1,0,8,7,1,0,0
Botafogo,263,Márcio Almeida de Oliveira,marcinho,Marcinho,93797,12,2,6,0,6,0,0,0,0,0,0,0,0,0,0,0,0,0,0,0,0,0,0,0,0,0
Botafogo,263,Pedro Raul Garay da Silva,pedro-raul,Pedro Raul,98225,12,5,2,1.5,5.37,0.35,1.25,6,0,12,0,1,0,0,0,0,0,9,29,0,0,1,4,1,1,0
Botafogo,263,Marcelo da Conceição Benevenuto Malaquias,marcelo-benevenuto,Marcelo Benevenuto,95638,12,3,7,0,7.63,0,2.99,10,0,4,0,2,0,3,0,0,0,7,30,0,0,1,4,0,0,0
Botafogo,263,Saulo Ferreira Silva Nascimento,saulo,Saulo,89492,12,1,6,0,2,0,0,0,0,0,0,0,0,0,0,0,0,0,0,0,0,0,0,0,0,0
Botafogo,263,Victor Hugo Soares dos Santos,kanu,Kanu,98484,12,3,7,-0.9,4.76,-0.79,3.12,11,0,5,0,1,0,3,0,0,0,13,33,0,0,1,3,0,0,0
Botafogo,263,Luiz Otávio Alves Marcolino,luiz-otavio,Luiz Otávio,94269,12,4,2,3.1,2.76,0.65,0.75,11,0,3,0,0,0,0,0,0,0,3,11,0,0,3,1,0,0,0
Botafogo,263,Diego Cavalieri,diego-cavalieri,Diego Cavalieri,38431,12,1,7,-2.9,4.73,-1,0,3,0,0,0,0,0,0,3,0,5,0,20,0,0,0,0,0,0,0
Botafogo,263,Guilherme Oliveira Santos,guilherme-santos,Guilherme Santos,50346,12,2,6,0,7.36,0,3.67,7,0,10,0,0,0,2,0,0,0,9,45,1,0,0,4,0,1,0
Botafogo,263,Salomon Armand Magloire Kalou,kalou,Kalou,69524,12,5,7,-0.2,7.36,-0.17,2.45,6,0,9,0,0,0,0,0,0,0,6,26,1,0,1,2,1,0,0
Botafogo,263,Federico Barrandeguy Martino,barrandeguy,Barrandeguy,91736,12,2,3,0,3.88,0,2.1,7,0,3,0,2,0,2,0,0,0,5,43,0,0,0,0,0,0,0
Botafogo,263,Matheus Barcelos da Silva,matheus-babi,Matheus Babi,94444,12,5,7,0.8,7.9,-0.08,4.58,11,0,24,0,2,0,0,0,0,0,31,50,1,1,4,7,3,5,0
Botafogo,263,Diego Terra Loureiro,diego-loureiro,Diego Loureiro,99430,12,1,6,0,1,0,0,0,0,0,0,0,0,0,0,0,0,0,0,0,0,0,0,0,0,0
Botafogo,263,Fernando Peixoto Costanza,fernando,Fernando,99550,12,2,6,0,3.2,0,3.15,2,0,1,0,1,0,1,0,0,0,1,7,0,0,0,0,0,0,0
Botafogo,263,Alexander Lecaros Aragón,lecaros,Lecaros,102276,12,5,6,0,3,0,0,0,0,0,0,0,0,0,0,0,0,0,0,0,0,0,0,0,0,0
Botafogo,263,Lucas Barros da Cunha,lucas-barros,Lucas Barros,104650,12,2,6,0,2,0,0,0,0,0,0,0,0,0,0,0,0,0,0,0,0,0,0,0,0,0
Botafogo,263,Warley Leandro da Silva,warley,Warley,104646,12,5,6,0,3,0,0,0,0,0,0,0,0,0,0,0,0,0,0,0,0,0,0,0,0,0
Botafogo,263,Rhuan Silveira Castro,rhuan,Rhuan,102958,12,5,2,0,2.38,0,1.39,9,0,2,0,0,0,0,0,0,0,10,18,1,0,1,2,0,1,0
Botafogo,263,Lucas da Silva Ribeiro Campos,lucas-campos,Lucas Campos,99903,12,5,6,0,2,0,0,0,0,0,0,0,0,0,0,0,0,0,0,0,0,0,0,0,0,0
Botafogo,263,Caio Alexandre Souza e Silva,caio-alexandre,Caio Alexandre,106323,12,4,7,0,4.71,0.22,1.49,10,0,13,0,5,0,0,0,0,0,18,43,0,0,0,4,1,1,0
Botafogo,263,Matheus Nascimento de Paula,matheus-nascimento,Matheus Nascimento,109114,12,5,6,0,0.77,0,-0.5,1,0,1,0,0,0,0,0,0,0,0,0,0,0,0,0,0,0,0
Botafogo,263,Rafael Forster,rafael-forster,Rafael Forster,82764,12,3,2,1.5,3.16,-0.45,1.1,10,0,8,0,2,0,2,0,0,0,6,45,0,0,1,3,0,0,0
Botafogo,263,David Sousa Albino,david-sousa,David Sousa,107509,12,3,6,-0.3,0.78,0.01,-0.15,2,0,0,0,0,0,0,0,0,0,0,3,0,0,0,0,0,0,0
Botafogo,263,Sebastião Ênio Santos de Almeida,enio,Ênio,107516,12,4,6,0,1,0,0,0,0,0,0,0,0,0,0,0,0,0,0,0,0,0,0,0,0,0
Botafogo,263,Romildo Del Piage de Souza,romildo,Romildo,107972,12,4,6,0,1,0,0,0,0,0,0,0,0,0,0,0,0,0,0,0,0,0,0,0,0,0
Botafogo,263,João Victor Vaz Lopes Pinto,vitinho,Vitinho,110235,12,5,6,0,1,0,0,0,0,0,0,0,0,0,0,0,0,0,0,0,0,0,0,0,0,0
Botafogo,263,Gustavo Cascardo de Assis,cascardo,Cascardo,90587,12,2,6,0,2,0,0,0,0,0,0,0,0,0,0,0,0,0,0,0,0,0,0,0,0,0
Botafogo,263,Maxuel De Cassio Da Silva,maxuel,Maxuel,110236,12,5,6,0,1,0,0,0,0,0,0,0,0,0,0,0,0,0,0,0,0,0,0,0,0,0
Botafogo,263,Elivelton Guedes Alves da Silva,elivelton,Elivelton ,107515,12,2,6,0,1,0,0,0,0,0,0,0,0,0,0,0,0,0,0,0,0,0,0,0,0,0
Botafogo,263,Bruno Amorim Lazaroni,bruno-lazaroni,Bruno Lazaroni,102887,12,6,7,0,8.53,0,0,0,0,0,0,0,0,0,0,0,0,0,0,0,0,0,0,0,0,0
Botafogo,263,Andrew da Silva Ventura,andrew,Andrew,103183,12,1,6,0,1,0,0,0,0,0,0,0,0,0,0,0,0,0,0,0,0,0,0,0,0,0
Botafogo,263,Wesley Júnior da Silva Araújo,wesley,Wesley ,107517,12,3,6,0,1,0,0,0,0,0,0,0,0,0,0,0,0,0,0,0,0,0,0,0,0,0
Botafogo,263,Wendel Lessa de Macedo Gonçalves,wendel,Wendel,107519,12,4,6,0,1,0,0,0,0,0,0,0,0,0,0,0,0,0,0,0,0,0,0,0,0,0
Botafogo,263,Davi Machado dos Santos Araújo,davi-araujo,Davi Araújo,109626,12,5,6,1.4,1.2,-0.03,1,4,0,3,0,1,0,0,0,0,0,6,7,0,0,1,0,0,0,0
Botafogo,263,Hugo Gonçalves Ferreira Neto,hugo,Hugo,109668,12,2,6,0,2.01,0,4.9,1,0,0,0,0,0,1,0,0,0,0,1,0,0,0,0,0,0,0
Botafogo,263,Carlos Enrique Rentería Olaya,renteria,Rentería,95356,12,4,7,-1.7,4.98,-0.65,0.8,4,0,7,0,1,0,0,0,0,0,3,10,0,0,1,0,0,0,0
Corinthians,264,Fagner Conserva Lemos,fagner,Fagner,42500,12,2,7,0,10.19,0,2.13,6,0,9,0,1,1,0,0,0,0,4,61,0,0,3,1,1,0,0
Corinthians,264,Leonardo Natel Vieira,leo-natel,Léo Natel,98952,12,5,7,0,4.37,0,2.96,7,0,10,0,1,0,0,0,0,0,4,24,1,0,2,4,1,1,0
Corinthians,264,Ángelo Giovanni Araos Llanos,araos,Araos,102352,12,4,6,0,7.51,0,3.6,7,0,5,0,2,0,0,0,0,0,9,34,2,0,2,4,1,0,0
Corinthians,264,Carlos Gilberto do Nascimento Silva,gil,Gil,68923,12,3,7,0,5.83,0,2.1,8,0,7,0,1,0,1,0,0,0,4,37,1,0,0,0,0,0,0
Corinthians,264,Cássio Roberto Ramos,cassio,Cássio,42234,12,1,7,0,8.07,0,1.48,9,0,0,0,0,0,1,10,0,14,0,47,0,0,0,0,0,0,0
Corinthians,264,Luan Guilherme de Jesus Vieira,luan,Luan,86759,12,4,2,0,7.75,0,3.73,4,0,4,0,0,0,0,0,0,0,3,24,0,1,1,2,1,0,0
Corinthians,264,Juan Ramón Cazares Sevillano,cazares,Cazares,81682,12,4,2,0,12,0,0,0,0,0,0,0,0,0,0,0,0,0,0,0,0,0,0,0,0,0
Corinthians,264,Rómulo Otero Vásquez,otero,Otero,83004,12,4,7,0,12.07,0,4.48,5,0,6,0,2,0,0,0,0,0,13,32,1,2,7,4,0,1,0
Corinthians,264,João Alves de Assis Silva,jo,Jô,38138,12,5,7,0,11.62,0,3.67,9,0,9,0,0,0,0,0,0,0,9,40,1,1,5,5,3,2,1
Corinthians,264,Walter Leandro Capeloza Artune,walter,Walter,51413,12,1,6,0,4.99,0,-2,0,0,0,0,1,0,0,0,0,0,0,0,0,0,0,0,0,0,0
Corinthians,264,Guilherme de Aguiar Camacho,camacho,Camacho,68770,12,4,6,0,2.68,0,-0.12,5,0,7,0,1,0,0,0,0,0,0,11,0,0,0,0,0,0,0
Corinthians,264,Mauro Boselli,boselli,Boselli,69161,12,5,6,0,6.1,0,-0.07,3,0,0,0,0,0,0,0,0,0,0,2,0,0,0,0,0,0,0
Corinthians,264,Danilo Fernando Avelar,danilo-avelar,Danilo Avelar,72142,12,3,7,0,4.41,0,1.82,8,0,13,0,0,1,1,0,0,0,2,27,0,0,5,1,1,0,0
Corinthians,264,Michel Macedo Rocha Machado,michel,Michel,80664,12,2,6,0,4.76,0,2.7,4,0,1,0,0,0,1,0,0,0,6,20,0,0,1,2,0,1,0
Corinthians,264,Gabriel Girotto Franco,gabriel,Gabriel,78605,12,4,7,0,4.19,0,1.97,7,0,12,0,3,0,0,0,0,0,8,28,1,0,0,2,0,0,0
Corinthians,264,Ramiro Moschen Benetti,ramiro,Ramiro,78715,12,4,6,0,6.73,0,2.69,8,0,13,0,2,0,0,0,0,0,5,39,0,0,1,4,1,0,0
Corinthians,264,Víctor Danilo Cantillo Jiménez,cantillo,Cantillo,85315,12,4,7,0,5.66,0,1.52,9,0,8,0,1,0,0,0,0,0,9,26,1,0,2,3,0,0,0
Corinthians,264,Roni Medeiros de Moura,roni,Roni,105585,12,4,6,0,2,0,0,0,0,0,0,0,0,0,0,0,0,0,0,0,0,0,0,0,0,0
Corinthians,264,Ruan de Oliveira Ferreira,ruan,Ruan,104153,12,4,5,0,1.22,0,0.77,4,0,2,0,0,0,0,0,0,0,2,7,0,0,0,1,0,0,0
Corinthians,264,João Vitor Xavier de Almeida,xavier,Xavier,102067,12,4,6,0,1,0,0,0,0,0,0,0,0,0,0,0,0,0,0,0,0,0,0,0,0,0
Corinthians,264,Matheus Planelles Donelli,matheus-donelli,Matheus Donelli,107179,12,1,6,0,1,0,0,0,0,0,0,0,0,0,0,0,0,0,0,0,0,0,0,0,0,0
Corinthians,264,Gabriel Pereira dos Santos,gabriel-pereira,Gabriel Pereira,109588,12,4,6,0,0.83,0,0.2,1,0,1,0,0,0,0,0,0,0,2,3,0,0,0,0,0,0,0
Corinthians,264,Gustavo Henric da Silva,gustavo-mosquito,Gustavo Mosquito,97450,12,5,6,0,3.05,0,2.34,7,0,5,0,0,0,0,0,0,0,5,22,0,0,2,4,1,0,0
Corinthians,264,Guilherme Mantuan,mantuan,Mantuan,97315,12,4,6,0,2,0,0,0,0,0,0,0,0,0,0,0,0,0,0,0,0,0,0,0,0,0
Corinthians,264,Igor Morais Carvalho,igor,Igor,105887,12,3,6,0,1,0,0,0,0,0,0,0,0,0,0,0,0,0,0,0,0,0,0,0,0,0
Corinthians,264,Lucas Piton Crivellaro,lucas-piton,Lucas Piton,105584,12,2,7,0,4.12,0,2.22,5,0,3,0,1,0,0,0,0,0,5,39,1,0,1,1,0,0,0
Corinthians,264,Sidcley Ferreira Pereira,sidcley,Sidcley,86764,12,2,6,0,6.58,0,2.28,7,0,4,0,0,0,1,0,0,0,9,40,0,0,1,1,0,1,0
Corinthians,264,Mateus da Silva Vital Assumpção,mateus-vital,Mateus Vital,93108,12,4,6,0,6.52,0,2.17,6,0,1,0,1,0,0,0,0,0,8,9,0,0,2,0,1,0,0
Corinthians,264,Leonardo Rodrigues dos Santos,leo-santos,Léo Santos,95820,12,3,6,0,2,0,0,0,0,0,0,0,0,0,0,0,0,0,0,0,0,0,0,0,0,0
Corinthians,264,Everaldo Silva do Nascimento,everaldo,Everaldo ,91151,12,5,6,0,4.48,0,2.8,1,0,2,0,0,0,0,0,0,0,2,2,0,0,1,1,0,0,0
Corinthians,264,Raul Gustavo Pereira Bicalho,raul-gustavo,Raul Gustavo,109389,12,3,6,0,1,0,0,0,0,0,0,0,0,0,0,0,0,0,0,0,0,0,0,0,0,0
Corinthians,264,Dyego Rocha Coelho,dyego-coelho,Dyego Coelho,98499,12,6,7,0,8.19,0,1.8,1,0,0,0,0,0,0,0,0,0,0,0,0,0,0,0,0,0,0
Corinthians,264,Éderson José dos Santos Lourenço da Silva,ederson,Éderson,103099,12,4,6,0,5.21,0,1.92,8,0,9,0,0,0,0,0,0,0,6,21,0,0,1,1,0,0,0
Corinthians,264,Cauê Vinicius dos Santos,caue,Cauê,104664,12,5,6,0,1,0,0,0,0,0,0,0,0,0,0,0,0,0,0,0,0,0,0,0,0,0
Corinthians,264,Ronald Eugenio de Carvalho,ronald,Ronald,109860,12,3,6,0,1,0,0,0,0,0,0,0,0,0,0,0,0,0,0,0,0,0,0,0,0,0
Corinthians,264,Bruno Méndez Cittadini,bruno-mendez,Bruno Méndez,103700,12,3,6,0,1.7,0,-1.75,2,0,2,0,1,0,0,0,0,0,0,15,0,0,0,0,0,0,0
Corinthians,264,Igor Marques Paciência Cardoso,igor-formiga,Igor Formiga,106708,12,2,6,0,1,0,0,0,0,0,0,0,0,0,0,0,0,0,0,0,0,0,0,0,0,0
Corinthians,264,Matheus Alvarenga de Oliveira,davo,Davó,105533,12,5,6,0,2,0,0,0,0,0,0,0,0,0,0,0,0,0,0,0,0,0,0,0,0,0
Corinthians,264,Guilherme Vicentini Castellani,guilherme,Guilherme,108539,12,1,6,0,1,0,0,0,0,0,0,0,0,0,0,0,0,0,0,0,0,0,0,0,0,0
Bahia,265,Rodrigo Eduardo Costa Marinho,rodriguinho,Rodriguinho,61033,12,4,6,1.6,14.89,-0.36,4.68,10,0,7,0,0,0,0,0,0,0,23,68,1,1,5,7,3,2,0
Bahia,265,Lucas Fonseca da Silva,lucas-fonseca,Lucas Fonseca,80189,12,3,7,0,4.22,0,-0.45,2,0,2,0,0,0,0,0,0,0,1,4,0,0,0,0,0,0,0
Bahia,265,José Carlos Ferreira Júnior,juninho,Juninho,92182,12,3,6,1.8,8.29,0.36,2.43,10,0,2,0,0,1,1,0,0,0,4,34,0,0,2,1,1,1,0
Bahia,265,Gilberto Oliveira Souza Júnior,gilberto,Gilberto,61188,12,5,7,0.6,7.17,-0.05,2.39,9,0,6,0,0,0,0,0,0,0,11,42,1,1,8,7,0,4,1
Bahia,265,Anderson Vieira Martins,anderson-martins,Anderson Martins,52618,12,3,6,0,6,0,0,0,0,0,0,0,0,0,0,0,0,0,0,0,0,0,0,0,0,0
Bahia,265,Anderson Pedro Nunes da Silva Campos,anderson,Anderson,38001,12,1,6,0,0.76,0,-1.23,4,0,0,0,0,0,0,4,0,9,1,34,0,0,0,0,0,0,0
Bahia,265,Ernando Rodrigues Lopes,ernando,Ernando,49651,12,3,7,0.7,5.72,-0.01,2.21,8,0,4,0,0,0,1,0,0,0,1,30,0,0,3,2,1,0,0
Bahia,265,José Élber Pimentel da Silva,elber,Élber,74140,12,5,7,-0.4,8.9,-0.53,3.93,10,0,5,0,0,0,0,0,0,0,26,65,1,1,6,5,1,4,0
Bahia,265,Severino do Ramo Clementino da Silva,nino-paraiba,Nino Paraíba,68808,12,2,7,0,7.9,0,2.51,8,0,8,0,2,0,1,0,0,0,5,64,0,0,1,1,0,0,0
Bahia,265,Elton Júnior Melo Ataíde,elton,Elton,71719,12,4,6,0,3.66,0,1.3,3,0,2,0,0,0,0,0,0,0,2,1,0,0,0,0,0,0,0
Bahia,265,Douglas Alan Schuck Friedrich,douglas-friedrich,Douglas Friedrich,78584,12,1,7,5.5,9.74,0.62,4.18,5,0,0,0,0,0,1,6,0,3,2,31,0,0,0,0,0,0,0
Bahia,265,Rosicley Pereira da Silva,rossi,Rossi,81798,12,5,3,1.8,5.42,0.41,1.55,10,0,8,0,2,0,0,0,0,0,14,65,0,0,3,3,1,2,0
Bahia,265,José Carlos Cracco Neto,zeca,Zeca,87192,12,2,6,0,4.83,0,1.1,5,0,3,0,1,0,1,0,0,0,0,14,0,0,0,3,0,0,0
Bahia,265,Clayson Henrique da Silva Vieira,clayson,Clayson,83817,12,5,7,-1.8,4.07,-0.65,1.22,7,0,6,0,0,0,0,0,0,0,5,28,0,0,2,3,1,2,1
Bahia,265,Jadson Alves dos Santos,jadson,Jadson,80129,12,4,6,0,2.82,0,0.75,4,0,3,0,0,0,0,0,0,0,5,6,0,0,0,2,0,0,0
Bahia,265,Ronaldo da Silva Souza,ronaldo,Ronaldo,92981,12,4,6,5,4.03,0.74,1.94,8,0,18,0,3,0,0,0,0,0,9,26,1,0,0,2,0,0,0
Bahia,265,Marco Antônio Rosa Furtado Júnior,marco-antonio,Marco Antônio,94975,12,4,6,1.9,3.6,0.14,2.92,6,0,3,0,0,0,0,0,0,0,6,10,1,0,1,1,1,0,0
Bahia,265,João Pedro Maturano dos Santos,joao-pedro,João Pedro ,89273,12,2,6,0,4.26,0,-0.8,1,0,2,0,0,0,0,0,0,0,0,8,0,0,0,0,0,0,0
Bahia,265,Daniel Sampaio Simões,daniel,Daniel,93791,12,4,6,0,3.93,0,1.77,8,0,8,0,1,0,0,0,0,0,10,22,0,0,0,3,1,0,0
Bahia,265,Luis Antônio da Rocha Júnior,juninho-capixaba,Juninho Capixaba,94968,12,2,7,1.4,7.24,-0.45,3.26,7,0,7,0,1,0,1,0,0,0,6,72,1,0,2,2,0,1,0
Bahia,265,Alesson dos Santos Batista,alesson,Alesson,97321,12,4,6,0,1.41,0,0.9,4,0,2,0,0,0,0,0,0,0,4,4,0,0,1,1,0,0,0
Bahia,265,Wanderson Santos Pereira,wanderson,Wanderson,86143,12,3,6,0,4,0,0,0,0,0,0,0,0,0,0,0,0,0,0,0,0,0,0,0,0,0
Bahia,265,Gregore de Magalhães da Silva,gregore,Gregore,95464,12,4,7,-0.5,5.45,-0.24,0.04,7,0,20,0,4,1,0,0,0,0,2,31,0,0,0,3,0,0,0
Bahia,265,Jefferson Gabriel Nascimento Brito,fessin,Fessin,97994,12,4,6,0,1.42,0,-0.5,1,0,1,0,0,0,0,0,0,0,0,0,0,0,0,0,0,0,0
Bahia,265,Matheus Bonifácio Saldanha Marinho,saldanha,Saldanha,107088,12,5,6,-1.7,0.84,-0.4,0.08,8,0,4,0,1,0,0,0,0,0,2,11,0,0,1,5,0,3,0
Bahia,265,Matheus Bahia Santos,matheus-bahia,Matheus Bahia,97899,12,2,6,0,0.77,0,-0.8,1,0,3,0,0,0,0,0,0,0,1,8,0,0,0,0,0,0,0
Bahia,265,Jaques Bonfim Nazaré Neto,jaques,Jaques,104128,12,3,6,0,1,0,0,0,0,0,0,0,0,0,0,0,0,0,0,0,0,0,0,0,0,0
Bahia,265,Thiago Eduardo de Andrade,thiago-andrade,Thiago Andrade,109404,12,5,6,0,1,0,0,0,0,0,0,0,0,0,0,0,0,0,0,0,0,0,0,0,0,0
Bahia,265,Ramon Rodrigo de Carvalho,ramon,Ramon,103515,12,4,6,0,0.78,-0.22,0,1,0,0,0,0,0,0,0,0,0,0,0,0,0,0,0,0,0,0
Bahia,265,Mateus Eduardo Claus,mateus-claus,Mateus Claus,90590,12,1,6,0,3.77,0,7.9,2,0,0,0,0,0,0,6,0,4,0,2,0,0,0,0,0,0,0
Bahia,265,Edson Fernando da Silva Gomes,edson,Edson,105901,12,4,6,2.2,1.82,0.2,2.02,5,0,0,0,0,0,0,0,0,0,8,17,0,0,0,1,0,0,0
Bahia,265,Douglas do Espírito Santo Torres,douglas-borel,Douglas Borel,104634,12,2,6,0,1,0,0,0,0,0,0,0,0,0,0,0,0,0,0,0,0,0,0,0,0,0
Bahia,265,Jeferson Douglas dos Santos Souza,jeferson-douglas,Jeferson Douglas,109405,12,4,6,0,1,0,0,0,0,0,0,0,0,0,0,0,0,0,0,0,0,0,0,0,0,0
Bahia,265,Everson Bispo Pereira,everson,Everson,91929,12,3,6,0,1,0,0,0,0,0,0,0,0,0,0,0,0,0,0,0,0,0,0,0,0,0
Bahia,265,João Pedro Sacramento da Silva,joao-pedro-silva,João Pedro Silva,109464,12,5,6,0,1,0,0,0,0,0,0,0,0,0,0,0,0,0,0,0,0,0,0,0,0,0
Bahia,265,Matheus Henrique Teixeira,matheus-teixeira,Matheus Teixeira,102907,12,1,6,0,1,0,0,0,0,0,0,0,0,0,0,0,0,0,0,0,0,0,0,0,0,0
Bahia,265,Fabrício Oliveira de Souza,fabricio,Fabrício,104588,12,1,6,0,1,0,0,0,0,0,0,0,0,0,0,0,0,0,0,0,0,0,0,0,0,0
Bahia,265,Edilson Matos dos Santos Júnior,edilson,Edilson,109406,12,5,6,0,1,0,0,0,0,0,0,0,0,0,0,0,0,0,0,0,0,0,0,0,0,0
Bahia,265,Elias Mendes Trindade,elias,Elias,54395,12,4,7,0,12,0,0,0,0,0,0,0,0,0,0,0,0,0,0,0,0,0,0,0,0,0
Bahia,265,Luis Antônio Venker de Menezes,mano-menezes,Mano Menezes,37281,12,6,7,1.62,6.14,-0.46,1.19,2,0,0,0,0,0,0,0,0,0,0,0,0,0,0,0,0,0,0
Bahia,265,Eric dos Santos Rodrigues,ramires,Ramires,103295,12,4,7,-0.3,5.36,-1.64,-0.3,1,0,0,0,0,0,0,0,0,0,1,3,0,0,0,0,0,1,0
Fluminense,266,Miguel Silveira dos Santos,miguel,Miguel,105612,12,4,6,0,1.92,0,0.35,2,0,1,0,0,0,0,0,0,0,1,3,0,0,0,0,0,0,0
Fluminense,266,Danilo Carvalho Barcelos,danilo-barcelos,Danilo Barcelos,84382,12,2,7,1.3,2.83,0.66,-1.34,5,0,12,0,2,1,1,0,0,0,0,59,0,0,2,1,0,0,0
Fluminense,266,Anderson Luiz de Carvalho,nene,Nenê,38913,12,4,7,5.2,13.51,-1.51,6.26,10,0,5,0,2,0,0,0,0,0,21,106,1,0,4,13,5,0,0
Fluminense,266,Frederico Chaves Guedes,fred,Fred,38162,12,5,7,0.4,2.76,-0.23,0.95,6,0,6,0,2,0,0,0,0,0,8,11,0,0,0,1,1,0,0
Fluminense,266,Matheus Ferraz Pereira,matheus-ferraz,Matheus Ferraz,38632,12,3,7,9.2,6.58,0.58,9.2,1,0,1,0,0,0,1,0,0,0,0,3,1,0,0,0,0,0,0
Fluminense,266,Egídio de Araújo Pereira Júnior,egidio,Egídio,42145,12,2,6,0,10.22,0,4.71,10,0,13,0,0,0,1,0,0,0,6,129,2,0,4,1,0,0,0
Fluminense,266,Hudson Rodrigues dos Santos,hudson,Hudson,50324,12,4,7,2.4,5.35,0.38,1.36,5,0,9,0,0,1,0,0,0,0,3,22,0,0,0,0,0,0,0
Fluminense,266,Paulo Henrique Chagas de Lima,ganso,Ganso,62977,12,4,6,8,5.4,1.25,1.84,9,0,6,0,2,0,0,0,0,0,5,23,1,0,0,3,1,0,0
Fluminense,266,Rodrigo Júnior Paula Silva,digao,Digão,68886,12,3,6,0,4.91,0,4.05,4,0,5,0,1,0,1,0,0,0,2,9,0,0,0,2,1,0,0
Fluminense,266,Marcelo de Araújo Pitaluga Filho,marcelo-pitaluga,Marcelo Pitaluga ,101478,12,1,6,0,2,0,0,0,0,0,0,0,0,0,0,0,0,0,0,0,0,0,0,0,0,0
Fluminense,266,Marcos Paulo Costa do Nascimento,marcos-paulo,Marcos Paulo,103645,12,5,6,0,5.33,0,1.13,11,0,3,0,0,0,0,0,0,0,1,33,1,0,0,4,0,1,0
Fluminense,266,Michel Daryl Araújo Villar,michel-araujo,Michel Araújo ,107173,12,4,7,11,8.38,1.92,3.85,11,0,17,0,2,0,0,0,0,0,40,49,0,0,4,7,1,1,0
Fluminense,266,Caio Fernando de Oliveira,caio-paulista,Caio Paulista,102318,12,5,5,0,3.31,0,1.43,3,0,2,0,0,0,0,0,0,0,1,2,0,0,0,0,0,0,0
Fluminense,266,Muriel Gustavo Becker,muriel,Muriel,69041,12,1,7,8,5.6,1.43,2.22,9,0,0,0,0,0,2,9,0,9,0,80,0,0,0,0,0,0,0
Fluminense,266,Wellington Alves da Silva,wellington-silva,Wellington Silva,68895,12,5,5,6,4.52,1.28,2.14,10,0,6,0,3,0,0,0,0,0,19,22,1,0,1,3,1,1,0
Fluminense,266,Igor de Carvalho Julião,igor-juliao,Igor Julião,81951,12,2,7,10.6,5.11,2.12,3.12,6,0,14,0,3,0,1,0,0,0,12,41,2,0,1,2,0,0,0
Fluminense,266,Luccas Claro dos Santos,luccas-claro,Luccas Claro,73465,12,3,6,0,5.33,0,1.77,10,0,4,0,0,0,1,0,0,0,7,55,0,0,0,2,0,2,0
Fluminense,266,Marcos Felipe de Freitas Monteiro,marcos-felipe,Marcos Felipe ,85004,12,1,6,0,0.77,0,-1.3,3,0,0,0,0,0,0,1,0,5,1,34,1,0,0,0,0,0,0
Fluminense,266,Douglas Moreira Fagundes,dodi,Dodi,89883,12,4,7,4.1,11.19,0.54,4.26,11,0,15,0,2,0,0,0,0,0,16,36,0,0,4,4,1,0,0
Fluminense,266,Yuri Oliveira Lima,yuri-lima,Yuri Lima,90569,12,4,6,0,1.8,0,0.94,7,0,11,0,3,0,0,0,0,0,4,27,0,0,2,3,0,0,0
Fluminense,266,Marcílio Florêncio Mota Filho,nino,Nino,91708,12,3,7,15,6.64,2.8,1.96,10,0,9,0,2,0,1,0,0,0,12,43,0,0,0,3,1,0,0
Fluminense,266,Yago Felipe da Costa Rocha,yago-felipe,Yago Felipe,87747,12,4,6,0.4,3.22,-0.21,1.32,9,0,9,0,0,0,0,0,0,0,12,26,0,0,2,4,0,1,0
Fluminense,266,Odair Hellmann,odair-hellmann,Odair Hellmann,92273,12,6,7,8.81,9.99,1.62,3.53,12,0,0,0,0,0,0,0,0,0,0,0,0,0,0,0,0,0,0
Fluminense,266,Matheus Antonio Souza dos Santos,matheus-pato,Matheus Pato,92290,12,5,6,0,2,0,0,0,0,0,0,0,0,0,0,0,0,0,0,0,0,0,0,0,0,0
Fluminense,266,Edilson Borba de Aquino,orinho,Orinho,95542,12,2,6,0,4,0,0,0,0,0,0,0,0,0,0,0,0,0,0,0,0,0,0,0,0,0
Fluminense,266,André Trindade da Costa Neto,andre,André,107498,12,4,6,0,0.76,0,-2.7,1,0,1,0,1,0,0,0,0,0,0,2,0,0,0,0,0,0,0
Fluminense,266,Wesley Frazan Bernardo,frazan,Frazan,97528,12,3,6,0,3,0,0,0,0,0,0,0,0,0,0,0,0,0,0,0,0,0,0,0,0,0
Fluminense,266,Fernando José Pacheco Rivas,fernando-pacheco,Fernando Pacheco,98740,12,5,7,3.3,3.13,0.67,0.57,7,0,5,0,0,0,0,0,0,0,6,15,0,0,1,1,0,2,0
Fluminense,266,Wanderson Felippe Cardoso dos Santos,felippe-cardoso,Felippe Cardoso,100963,12,5,6,7,3.6,1.27,1.95,4,0,5,0,0,0,0,0,0,0,2,10,0,0,0,1,1,1,0
Fluminense,266,Matheus Martinelli Lima,martinelli,Martinelli,109573,12,4,6,0,1,0,0,0,0,0,0,0,0,0,0,0,0,0,0,0,0,0,0,0,0,0
Fluminense,266,Luiz Henrique André Rosa da Silva,luiz-henrique,Luiz Henrique,109282,12,5,6,0,2.01,0,1.17,9,0,5,0,0,0,0,0,0,0,2,19,0,0,1,6,0,2,0
Fluminense,266,Lucas Felipe Calegari,calegari,Calegari,104276,12,2,6,0,5.21,0,5.14,7,0,7,0,0,0,1,0,0,0,16,50,0,0,2,2,0,1,0
Fluminense,266,Mateus Nascimento Soares,nascimento,Nascimento,107372,12,4,6,0,1,0,0,0,0,0,0,0,0,0,0,0,0,0,0,0,0,0,0,0,0,0
Fluminense,266,Christian Henrique Mora De Oliveira Silva,christian,Christian,110210,12,5,6,0,1,0,0,0,0,0,0,0,0,0,0,0,0,0,0,0,0,0,0,0,0,0
Fluminense,266,Lucca Borges Brito,lucca,Lucca,61149,12,5,6,0,5,0,0,0,0,0,0,0,0,0,0,0,0,0,0,0,0,0,0,0,0,0
Fluminense,266,Paulo Victor da Costa Miranda Alves,paulo-victor,Paulo Victor,107373,12,4,6,0,1,0,0,0,0,0,0,0,0,0,0,0,0,0,0,0,0,0,0,0,0,0
Fluminense,266,Wisney Junio Dias Carvalho,wisney,Wisney,107374,12,2,6,5,3.11,2.11,5,1,0,0,0,0,0,1,0,0,0,0,0,0,0,0,0,0,0,0
Fluminense,266,Luan de Freitas Molarinho Chagas,luan,Luan,105807,12,3,6,0,1,0,0,0,0,0,0,0,0,0,0,0,0,0,0,0,0,0,0,0,0,0
Fluminense,266,Higor Gabriel Fernandes Alves,higor,Higor,107371,12,3,6,0,1,0,0,0,0,0,0,0,0,0,0,0,0,0,0,0,0,0,0,0,0,0
Fluminense,266,Daniel Lima de Castro,daniel,Daniel,107370,12,2,6,0,1,0,0,0,0,0,0,0,0,0,0,0,0,0,0,0,0,0,0,0,0,0
Fluminense,266,Guilherme Henrique da Silva,guilherme,Guilherme,109689,12,2,6,0,1,0,0,0,0,0,0,0,0,0,0,0,0,0,0,0,0,0,0,0,0,0
Fluminense,266,João Vitor Lopes da Silva,joao-lopes,João Lopes,105629,12,1,6,0,2,0,0,0,0,0,0,0,0,0,0,0,0,0,0,0,0,0,0,0,0,0
Vasco,267,Fernando Miguel Kaufmann,fernando-miguel,Fernando Miguel,71571,12,1,7,8.8,10.41,2.19,3.85,11,0,0,0,0,0,4,11,1,11,2,76,0,0,0,0,0,0,0
Vasco,267,Glaybson Yago Souza Lisboa,yago-pikachu,Yago Pikachu,80196,12,2,7,-0.3,7.62,0,2.76,8,0,12,0,1,0,2,0,0,0,13,47,0,1,2,3,0,1,0
Vasco,267,Henrique Silva Milagres,henrique,Henrique,84893,12,2,7,2.8,7.17,-0.36,2.79,9,0,19,0,3,0,3,0,0,0,8,51,0,0,1,0,0,1,0
Vasco,267,Martín Nicolás Benítez,benitez,Benítez,93550,12,4,7,0,8.69,0,3.99,8,0,8,0,2,0,0,0,0,0,16,70,1,0,2,5,0,1,0
Vasco,267,Marcos Antônio Cândido Ferreira Júnior,marcos-junior,Marcos Júnior,93893,12,4,7,1,3.39,0.03,3.3,5,0,5,0,0,0,0,0,0,0,7,15,1,0,0,0,0,0,0
Vasco,267,Germán Ezequiel Cano,cano,Cano,79631,12,5,7,2.8,13.49,0.2,6.16,11,0,10,0,0,0,0,0,0,0,6,22,0,1,7,4,7,5,0
Vasco,267,Andrey Ramos do Nascimento,andrey,Andrey,93787,12,4,7,0,6.48,0,3.73,7,0,19,0,3,0,0,0,0,0,16,32,2,0,1,2,0,0,0
Vasco,267,Ricardo Queiroz de Alencastro Graça,ricardo,Ricardo,99881,12,3,2,0,7.55,0,4.38,6,0,4,0,1,0,3,0,0,0,4,13,0,0,1,3,0,0,0
Vasco,267,Lucas Ribamar Lopes dos Santos Bibiano,ribamar,Ribamar,94068,12,5,6,0,4.52,0.02,1.74,9,0,5,0,1,0,0,0,0,0,2,10,0,0,2,1,2,2,0
Vasco,267,Talles Magno Bacelar Martins,talles-magno,Talles Magno,105786,12,5,7,0.7,10.18,-0.51,4.71,10,0,10,0,1,1,0,0,0,0,31,50,2,1,3,7,1,3,0
Vasco,267,Fellipe Ramos Ignez Bastos,fellipe-bastos,Fellipe Bastos,70116,12,4,6,0,10.47,0,4.39,10,0,21,0,2,0,0,0,0,0,4,46,0,1,3,3,4,0,0
Vasco,267,Gabriel Fortes Chaves,gabriel-pec,Gabriel Pec,106199,12,4,6,0,2.88,0,1.43,3,0,5,0,1,0,0,0,0,0,5,7,0,0,1,1,0,0,0
Vasco,267,Lucas Santos da Silva,lucas-santos,Lucas Santos,101718,12,4,6,0,1.68,0,-0.1,2,0,0,0,0,0,0,0,0,0,0,2,0,0,0,0,0,0,0
Vasco,267,Tiago Rodrigues dos Reis,tiago-reis,Tiago Reis,104678,12,5,6,0,3,0,0,0,0,0,0,0,0,0,0,0,0,0,0,0,0,0,0,0,0,0
Vasco,267,Werley Ananias da Silva,werley,Werley,62974,12,3,6,0,4,0,0,0,0,0,0,0,0,0,0,0,0,0,0,0,0,0,0,0,0,0
Vasco,267,Ramon Menezes Hubner,ramon-menezes,Ramon Menezes,96767,12,6,7,2.95,10.06,0.47,4.28,11,0,0,0,0,0,0,0,0,0,0,0,0,0,0,0,0,0,0
Vasco,267,Vinícius dos Santos de Oliveira Paiva,vinicius,Vinícius,105998,12,5,7,7.9,4.26,1.72,2.5,3,0,1,0,1,0,0,0,0,0,5,12,0,0,1,0,1,1,0
Vasco,267,Leandro Castan da Silva,leandro-castan,Leandro Castan,38505,12,3,7,1.3,13.66,-0.81,4.69,7,0,5,0,0,0,3,0,0,0,9,22,0,0,0,0,0,0,0
Vasco,267,Matheus dos Santos Miranda,miranda,Miranda,101720,12,3,2,0.7,3.5,-0.2,1.99,8,0,4,0,1,0,2,0,0,0,8,41,0,0,0,0,0,0,0
Vasco,267,Ulisses Wilson Jeronymo Rocha ,ulisses,Ulisses,101647,12,3,6,0,2,0,0,0,0,0,0,0,0,0,0,0,0,0,0,0,0,0,0,0,0,0
Vasco,267,Kaio Magno Bacelar Martins,kaio-magno,Kaio Magno,106200,12,5,6,0,2,0,0,0,0,0,0,0,0,0,0,0,0,0,0,0,0,0,0,0,0,0
Vasco,267,Alexander Silva de Lucena,alexander,Alexander,105553,12,1,6,0,3,0,0,0,0,0,0,0,0,0,0,0,0,0,0,0,0,0,0,0,0,0
Vasco,267,Alexandre Melo Ribeiro da Silva,alexandre-melo,Alexandre Melo,106159,12,2,6,0,2,0,0,0,0,0,0,0,0,0,0,0,0,0,0,0,0,0,0,0,0,0
Vasco,267,Bruno Gomes da Silva Clevelário,bruno-gomes,Bruno Gomes,106202,12,4,6,0.4,3.16,-0.16,0.85,8,0,11,0,2,1,0,0,0,0,15,28,0,0,0,2,0,0,0
Vasco,267,Alexandre de Almeida da Silva Júnior,juninho,Juninho,107677,12,4,6,5.5,3.39,0.89,2.57,3,0,0,0,0,0,0,0,0,0,2,11,1,0,0,1,0,0,0
Vasco,267,Marcelo Alves Santos,marcelo-alves,Marcelo Alves,104050,12,3,6,0,1.67,0,1.25,4,0,6,0,0,0,1,0,0,0,1,15,0,0,0,0,0,0,0
Vasco,267,Ygor de Oliveira Ferreira,ygor-catatau,Ygor Catatau,100977,12,5,6,-0.4,2.51,-0.24,2.5,6,0,6,0,1,0,0,0,0,0,6,21,1,0,0,2,1,1,0
Vasco,267,Ramon de Morais Motta ,ramon,Ramon,68896,12,2,5,0,7,0,0,0,0,0,0,0,0,0,0,0,0,0,0,0,0,0,0,0,0,0
Vasco,267,Breno Vinícius Rodrigues Borges,breno,Breno,50408,12,3,5,0,6,0,0,0,0,0,0,0,0,0,0,0,0,0,0,0,0,0,0,0,0,0
Vasco,267,Guilherme Parede Pinheiro,guilherme-parede,Guilherme Parede,83438,12,5,6,-2.7,1.44,-0.84,-0.49,7,0,3,0,2,0,0,0,0,0,1,16,0,0,1,0,0,0,0
Vasco,267,Carlos Vinícius Santos de Jesus,carlinhos,Carlinhos,87273,12,4,6,1.2,4.22,0.06,2.17,6,0,3,0,0,0,0,0,0,0,3,16,1,0,1,3,0,0,0
Vasco,267,Riquelme Carvalho Araújo Viana,riquelme,Riquelme,105566,12,2,6,0,1,0,0,0,0,0,0,0,0,0,0,0,0,0,0,0,0,0,0,0,0,0
Vasco,267,Lucas Alexandre Galdino de Azevedo,lucao,Lucão,106160,12,1,6,0,2,0,0,0,0,0,0,0,0,0,0,0,0,0,0,0,0,0,0,0,0,0
Vasco,267,Nathan Santos de Araújo,nathan,Nathan,107676,12,2,6,0,1,0,0,0,0,0,0,0,0,0,0,0,0,0,0,0,0,0,0,0,0,0
Vasco,267,Cayo Henrique Nascimento Ferreira,cayo-tenorio,Cayo Tenório,107367,12,2,6,2.8,4.55,-0.33,4.02,5,0,5,0,2,0,3,0,0,0,9,17,0,0,1,2,0,0,0
Vasco,267,Vivaldo Borges dos Santos Neto,neto-borges,Neto Borges,106411,12,2,6,0,3.79,0,2.68,6,0,3,0,1,0,2,0,0,0,5,19,0,0,1,1,0,0,0
Vasco,267,Andrey Nascimento dos Santos,andrey-dos-santos,Andrey dos Santos,109591,12,4,6,0,1,0,0,0,0,0,0,0,0,0,0,0,0,0,0,0,0,0,0,0,0,0
Palmeiras,275,Ramires Santos do Nascimento,ramires,Ramires,50293,12,4,6,0,5.08,0,0.77,9,0,5,1,2,0,0,0,0,0,4,23,0,0,0,1,0,0,0
Palmeiras,275,Vanderlei Luxemburgo da Silva,vanderlei-luxemburgo,Vanderlei Luxemburgo,41327,12,6,7,0,10.58,0,3.46,10,0,0,0,0,0,0,0,0,0,0,0,0,0,0,0,0,0,0
Palmeiras,275,Bruno Henrique Corsini,bruno-henrique,Bruno Henrique,70944,12,4,7,0,6.58,0,0.38,10,0,13,0,1,0,0,0,0,0,5,33,0,0,2,4,0,1,0
Palmeiras,275,Luiz Adriano de Souza da Silva,luiz-adriano,Luiz Adriano,72772,12,5,6,0,10.8,0,4.21,9,0,12,0,1,0,0,0,0,0,11,18,0,0,1,5,4,0,0
Palmeiras,275,Marcos Luis Rocha Aquino,marcos-rocha,Marcos Rocha,63013,12,2,7,0,8.12,0,2.52,6,0,9,0,0,0,1,0,0,0,6,52,0,0,0,1,0,0,0
Palmeiras,275,Patrick de Paula Carreiro,patrick-de-paula,Patrick de Paula,107172,12,4,7,0,5.55,0,3.84,8,0,12,0,0,0,0,0,0,0,12,39,0,1,1,3,1,0,0
Palmeiras,275,Wesley Ribeiro Silva,wesley,Wesley,105811,12,5,7,0,3.08,0,1.77,7,0,6,0,1,0,0,0,0,0,8,17,1,0,4,1,0,3,0
Palmeiras,275,Gustavo Henrique Furtado Scarpa,gustavo-scarpa,Gustavo Scarpa,87999,12,4,6,0,6.76,0,1.2,4,0,3,0,1,0,0,0,0,0,0,9,1,0,2,1,0,0,0
Palmeiras,275,José Rafael Vivian,ze-rafael,Zé Rafael,82455,12,4,3,0,10.89,0,4.16,8,0,19,0,2,1,0,0,0,0,22,28,1,0,3,5,2,0,0
Palmeiras,275,Ronielson da Silva Barbosa,rony,Rony,91607,12,5,7,0,9.43,0,1.13,8,0,18,0,1,0,0,0,0,0,17,30,0,0,3,3,0,3,0
Palmeiras,275,Vinicius Silvestre da Costa,vinicius-silvestre,Vinicius Silvestre,85083,12,1,6,0,3,0,0,0,0,0,0,0,0,0,0,0,0,0,0,0,0,0,0,0,0,0
Palmeiras,275,Gabriel Vinícius Menino,gabriel-menino,Gabriel Menino,103767,12,4,3,0,4.93,0,2.86,10,0,12,0,2,0,0,0,0,0,20,68,2,0,1,9,0,4,0
Palmeiras,275,Raphael Cavalcante Veiga,raphael-veiga,Raphael Veiga,94509,12,4,7,0,8.85,0,5.18,4,0,6,0,0,0,0,0,0,0,6,17,0,0,0,3,2,0,0
Palmeiras,275,Willian Gomes de Siqueira,willian,Willian,42116,12,5,7,0,9.77,0,3.37,10,0,8,0,0,0,0,0,0,0,8,16,2,0,3,7,2,4,0
Palmeiras,275,Emerson Raymundo Santos,emerson-santos,Emerson Santos,86972,12,3,6,0,4,0,0,0,0,0,0,0,0,0,0,0,0,0,0,0,0,0,0,0,0,0
Palmeiras,275,Matías Nicolás Viña Susperreguy,vina,Viña,98974,12,2,7,0,8.06,0,4.29,7,0,5,0,1,0,1,0,0,0,8,56,1,0,1,3,0,1,0
Palmeiras,275,Gabriel Silva Vieira,gabriel-silva,Gabriel Silva,103766,12,4,6,0,0.77,0,-1.25,2,0,2,0,1,0,0,0,0,0,0,3,0,0,0,1,0,0,0
Palmeiras,275,Felipe Melo de Carvalho,felipe-melo,Felipe Melo,38545,12,3,7,0,5.93,0,-0.8,1,0,1,0,1,0,0,0,0,0,0,3,0,0,0,0,0,0,0
Palmeiras,275,Luan Garcia Teixeira,luan,Luan,80692,12,3,6,0,5.59,0,2.16,8,0,7,0,3,0,2,0,0,0,4,33,0,0,0,2,0,1,0
Palmeiras,275,Jailson Marcelino dos Santos,jailson,Jailson,72290,12,1,6,0,3.06,0,-3.1,1,0,0,0,0,0,0,0,0,1,0,11,0,0,0,0,0,0,0
Palmeiras,275,Vitor Hugo Franchescoli de Souza,vitor-hugo,Vitor Hugo,72605,12,3,6,0,4.15,0,0.48,4,0,1,0,1,0,0,0,0,0,1,9,0,0,0,1,0,0,0
Palmeiras,275,Lucas Rafael Araújo Lima,lucas-lima,Lucas Lima,80583,12,4,3,0,5.01,0,1.14,9,0,10,0,2,0,0,0,0,0,16,75,0,0,3,2,0,1,0
Palmeiras,275,Mayke Rocha de Oliveira,mayke,Mayke,81150,12,2,6,0,5.55,0,2.02,6,0,7,0,1,0,1,0,0,0,4,44,0,0,0,0,0,0,0
Palmeiras,275,Iván Darío Angulo Cortés,ivan-angulo,Iván Angulo,105841,12,5,6,0,4,0,0,0,0,0,0,0,0,0,0,0,0,0,0,0,0,0,0,0,0,0
Palmeiras,275,Gabriel Veron Fonseca de Souza,gabriel-veron,Gabriel Veron,103764,12,5,6,0,5.73,0,5.98,4,0,6,0,0,0,0,0,0,0,3,6,1,0,0,0,2,0,0
Palmeiras,275,Lucas Esteves de Souza,esteves,Esteves,100846,12,2,5,0,2,0,0,0,0,0,0,0,0,0,0,0,0,0,0,0,0,0,0,0,0,0
Palmeiras,275,Luan Silva dos Santos,luan-silva,Luan Silva,102295,12,5,5,0,2,0,0,0,0,0,0,0,0,0,0,0,0,0,0,0,0,0,0,0,0,0
Palmeiras,275,Danilo dos Santos de Oliveira,danilo,Danilo,107231,12,4,6,0,2.51,0,2.47,3,0,2,0,1,0,0,0,0,0,1,9,0,0,1,2,0,0,0
Palmeiras,275,Renan Victor da Silva,renan,Renan,109963,12,2,6,0,1,0,0,0,0,0,0,0,0,0,0,0,0,0,0,0,0,0,0,0,0,0
Palmeiras,275,Weverton Pereira da Silva,weverton,Weverton,71631,12,1,7,0,6.7,0,-0.44,9,0,0,0,0,0,2,2,0,8,0,59,0,0,0,0,0,0,0
Palmeiras,275,Gustavo Raúl Gómez Portillo,gustavo-gomez,Gustavo Gómez,71684,12,3,7,0,12.04,0,3.63,8,0,13,0,1,0,2,0,0,0,9,23,1,0,1,2,1,3,0
São Paulo,276,Paulo Henrique Pereira da Silva,paulinho-boia,Paulinho Bóia,100333,12,5,6,0.8,5.19,-0.29,3.49,8,0,8,0,0,0,0,0,0,0,18,22,0,2,4,6,0,3,0
São Paulo,276,Fernando Diniz Silva,fernando-diniz,Fernando Diniz,72391,12,6,7,2.68,8.98,-0.24,3.53,10,0,0,0,0,0,0,0,0,0,0,0,0,0,0,0,0,0,0
São Paulo,276,Vitor Frezarin Bueno,vitor-bueno,Vitor Bueno,87552,12,4,6,1.3,7.26,-0.19,2.84,7,0,3,0,1,0,0,0,0,0,11,38,0,0,2,6,1,1,0
São Paulo,276,Bruno Fabiano Alves,bruno-alves,Bruno Alves,73620,12,3,6,0,7.83,0,1.3,5,0,2,0,1,0,1,0,0,0,5,10,0,0,0,0,0,0,0
São Paulo,276,Igor Silveira Gomes,igor-gomes,Igor Gomes,100084,12,4,7,2.1,3.42,0.25,0.43,10,0,12,0,1,0,0,0,0,0,13,35,0,0,2,1,0,0,0
São Paulo,276,Tiago Luis Volpi,tiago-volpi,Tiago Volpi,72018,12,1,7,-2.6,11.48,-1.35,2.2,10,0,0,0,0,0,2,9,1,12,1,85,0,0,0,0,0,0,0
São Paulo,276,Robert Abel Arboleda Escobar,arboleda,Arboleda,91573,12,3,6,0,10.07,0,2.47,4,0,2,0,1,0,2,0,0,0,1,10,0,0,2,0,0,0,0
São Paulo,276,Igor Matheus Liziero Pereira ,liziero,Liziero,100761,12,4,5,0,4.4,0,1.02,5,0,7,0,1,0,0,0,0,0,4,44,0,0,2,2,0,0,0
São Paulo,276,Igor Vinícius de Souza,igor-vinicius,Igor Vinícius,95466,12,2,2,2,5.36,-0.2,2.15,8,0,20,0,3,0,1,0,0,0,7,51,1,0,4,5,0,0,0
São Paulo,276,Juan Francisco Torres Belén,juanfran,Juanfran,72620,12,2,2,0,6.21,0,2.4,4,0,5,0,0,0,1,0,0,0,4,17,0,0,0,1,0,0,0
São Paulo,276,Pablo Felipe Teixeira,pablo,Pablo,69138,12,5,7,5.4,8.7,0.34,3.15,7,0,18,0,1,0,0,0,0,0,9,19,1,0,3,16,1,6,0
São Paulo,276,Luan Vinícius da Silva Santos ,luan,Luan,102909,12,4,6,0,3.31,0,0.3,5,0,2,0,1,0,0,0,0,0,0,3,0,0,0,1,0,0,0
São Paulo,276,Hélio Júnio Nunes de Castro,helinho,Helinho,102598,12,5,6,0,4.08,0,2.57,3,0,0,0,0,0,0,0,0,0,1,8,1,0,0,0,0,0,0
São Paulo,276,Leonardo Pinheiro da Conceição,leo,Léo,85626,12,2,7,0.4,4.16,-0.45,2.12,8,0,6,0,1,0,1,0,0,0,11,43,1,0,0,1,0,0,0
São Paulo,276,Walce da Silva Costa Filho,walce,Walce,104074,12,3,5,0,4,0,0,0,0,0,0,0,0,0,0,0,0,0,0,0,0,0,0,0,0,0
São Paulo,276,Danilo das Neves Pinheiro,tche-tche,Tchê Tchê,86686,12,4,7,5.6,8.6,0.42,2.53,10,0,8,0,2,0,0,0,0,0,17,38,0,0,5,7,0,0,0
São Paulo,276,Anderson Hernanes de Carvalho Andrade Lima,hernanes,Hernanes,38648,12,4,5,0.8,8.29,-0.26,2.75,6,0,10,0,1,0,0,0,0,0,12,25,0,0,3,3,1,0,0
São Paulo,276,Luciano da Rocha Neves,luciano,Luciano,80287,12,5,7,7.9,9.22,1.49,5.58,9,0,15,0,2,0,0,0,0,0,15,42,1,1,2,2,4,1,0
São Paulo,276,Lucas Estella Perri,lucas-perri,Lucas Perri,91260,12,1,6,0,1.1,0,-2,0,0,0,0,1,0,0,0,0,0,0,0,0,0,0,0,0,0,0
São Paulo,276,Santiago Tréllez Vivero,trellez,Tréllez,87679,12,5,6,1.1,3.34,-0.66,1.1,1,0,0,0,0,0,0,0,0,0,1,2,0,0,0,1,0,0,0
São Paulo,276,Dênis de Oliveira Aguiar Júnior,junior,Júnior,103662,12,1,6,0,1,0,0,0,0,0,0,0,0,0,0,0,0,0,0,0,0,0,0,0,0,0
São Paulo,276,Diego Henrique Costa Barbosa,diego,Diego,101728,12,3,7,1.5,2.43,-0.26,1.63,7,0,14,0,1,0,1,0,0,0,1,31,0,0,2,2,0,0,0
São Paulo,276,Gonzalo Rodrigo Carneiro Méndez,gonzalo-carneiro,Gonzalo Carneiro,101796,12,5,6,0,3.01,0,1.93,3,0,2,0,0,0,0,0,0,0,0,2,1,0,0,0,0,0,0
São Paulo,276,Shaylon Kallyson Cardoso,shaylon,Shaylon,97520,12,4,6,0,3,0,0,0,0,0,0,0,0,0,0,0,0,0,0,0,0,0,0,0,0,0
São Paulo,276,Brenner Souza da Silva,brenner,Brenner,99789,12,5,6,1,4.34,0.08,3.88,6,0,6,0,2,0,0,0,0,0,4,12,1,1,2,2,2,3,0
São Paulo,276,Thiago Couto Wenceslau,thiago-couto,Thiago Couto,97645,12,1,6,0,1,0,0,0,0,0,0,0,0,0,0,0,0,0,0,0,0,0,0,0,0,0
São Paulo,276,Rodrigo dos Santos de Freitas,rodrigo-freitas,Rodrigo Freitas,103261,12,3,6,0,1,0,0,0,0,0,0,0,0,0,0,0,0,0,0,0,0,0,0,0,0,0
São Paulo,276,Daniel Alves da Silva,daniel-alves,Daniel Alves,38939,12,4,7,0.7,12.27,-1.72,4.82,5,0,8,0,0,0,0,0,0,0,14,63,0,0,2,5,1,2,0
São Paulo,276,Reinaldo Manoel da Silva,reinaldo,Reinaldo,78850,12,2,7,1.8,12.92,-0.39,4.43,8,0,14,0,2,0,2,0,0,0,8,98,1,0,4,3,1,0,0
São Paulo,276,Patryck Lanza dos Reis,patryck,Patryck,106829,12,2,6,0,1,0,0,0,0,0,0,0,0,0,0,0,0,0,0,0,0,0,0,0,0,0
São Paulo,276,Gabriel Davi Gomes Sara,gabriel-sara,Gabriel Sara,100763,12,4,7,-0.3,3,-2.79,2.08,10,0,10,0,1,0,0,0,0,0,7,47,0,0,2,4,2,3,0
São Paulo,276,Rodrigo Nestor Bertalia,rodrigo-nestor,Rodrigo Nestor,106822,12,4,6,0,2,0,0,0,0,0,0,0,0,0,0,0,0,0,0,0,0,0,0,0,0,0
São Paulo,276,Joao Robin Rojas Mendoza,joao-rojas,Joao Rojas,70784,12,5,5,0,6,0,0,0,0,0,0,0,0,0,0,0,0,0,0,0,0,0,0,0,0,0
São Paulo,276,Jonas Gabriel da Silva Nunes,toro,Toró,101885,12,5,6,0,3.7,0,2.95,2,0,0,0,0,0,0,0,0,0,0,1,1,0,0,0,0,0,0
Santos,277,Kaio Jorge Pinto Ramos,kaio-jorge,Kaio Jorge,103445,12,5,7,4.6,4.58,0.55,1.46,10,0,15,0,2,0,0,0,0,0,11,11,0,1,1,10,0,1,0
Santos,277,Luan Peres Petroni,luan-peres,Luan Peres ,84847,12,3,7,0.9,5.82,-0.84,2.26,11,0,2,0,1,1,3,0,0,0,6,47,1,0,0,2,0,0,0
Santos,277,Sandry Roberto Santos Goes,sandry,Sandry,104580,12,4,6,0,2,0,0,0,0,0,0,0,0,0,0,0,0,0,0,0,0,0,0,0,0,0
Santos,277,Tailson Pinto Gonçalves,tailson,Tailson,104578,12,5,6,0,2.68,0,1.16,5,0,2,0,0,0,0,0,0,0,3,9,0,0,1,0,0,0,0
Santos,277,João Paulo Silva Martins,joao-paulo,João Paulo,85425,12,1,7,-2.2,7.82,-1.1,5.87,10,0,0,0,0,0,3,17,0,10,2,52,0,0,0,0,0,0,0
Santos,277,Raniel Santana de Vasconcelos,raniel,Raniel,86797,12,5,5,-0.2,5.16,-0.54,2.95,4,0,7,0,0,0,0,0,0,0,11,7,0,0,2,2,0,3,0
Santos,277,John Victor Maciel Furtado,john-victor,John Victor,94044,12,1,6,0,1,0,0,0,0,0,0,0,0,0,0,0,0,0,0,0,0,0,0,0,0,0
Santos,277,Jobson Souza Santos,jobson,Jobson,93377,12,4,6,0,3.83,0,0.77,8,0,10,0,2,0,0,0,0,0,7,44,0,0,0,2,0,1,0
Santos,277,Diego Cristiano Evaristo,diego-pituca,Diego Pituca,94156,12,4,7,-0.9,7.28,-0.63,2.54,12,0,8,0,1,0,0,0,0,0,16,52,0,0,3,2,0,1,0
Santos,277,Arthur Gomes Lourenço,arthur-gomes,Arthur Gomes,96966,12,5,2,3.9,4.75,0.31,3.22,6,0,5,0,0,0,0,0,0,0,10,33,0,0,5,2,1,1,0
Santos,277,Wagner Leonardo Calvelo de Souza,wagner-leonardo,Wagner Leonardo,104994,12,3,6,0,1.94,0,1.9,2,0,0,0,0,0,0,0,0,0,0,2,0,0,0,0,0,0,0
Santos,277,Francisco Anderson de Jesus dos Santos,anderson-ceara,Anderson Ceará,103724,12,4,6,0,2,0,0,0,0,0,0,0,0,0,0,0,0,0,0,0,0,0,0,0,0,0
Santos,277,Marcos Leonardo Santos Almeida,marcos-leonardo,Marcos Leonardo,109497,12,5,6,0,0.77,0,-0.03,3,0,5,0,0,0,0,0,0,0,5,1,0,0,0,0,0,0,0
Santos,277,Matheus Purcelo Blecha de Moraes,matheus-moraes,Matheus Moraes,109560,12,4,6,0,1,0,0,0,0,0,0,0,0,0,0,0,0,0,0,0,0,0,0,0,0,0
Santos,277,Mário Sérgio Santos Costa,marinho,Marinho,68952,12,5,7,9.7,24.72,1.46,10.75,12,0,14,0,1,0,0,0,0,0,62,63,4,0,10,17,7,7,0
Santos,277,Yeferson Julio Soteldo Martínez,soteldo,Soteldo,87258,12,5,7,1.7,6.98,-0.13,3.02,10,0,5,0,3,0,0,0,0,0,18,79,2,0,7,9,1,2,0
Santos,277,Felipe Jonatan Rocha Andrade,felipe-jonatan,Felipe Jonatan,101708,12,2,7,-0.3,11.3,-0.91,5.25,11,0,14,0,4,0,3,0,0,0,14,82,0,0,2,7,2,0,0
Santos,277,Lucas Veríssimo da Silva,lucas-verissimo,Lucas Veríssimo,93368,12,3,6,0,8.29,0,2.4,9,0,14,0,4,0,2,0,0,0,2,52,0,0,2,3,1,0,0
Santos,277,Marcos Rogério Ricci Lopes,para,Pará,62086,12,2,7,0.4,7.77,-0.64,2.89,10,0,13,0,1,0,3,0,0,0,16,55,0,0,1,6,0,2,0
Santos,277,Vladimir Orlando Cardoso de Araújo Filho,vladimir,Vladimir,69040,12,1,5,0,6.43,0,2.93,3,0,0,0,0,0,0,4,0,3,0,12,0,0,0,0,0,0,0
Santos,277,Alison Lopes Ferreira,alison,Alison,73974,12,4,2,0,8.75,0,1.29,8,0,16,0,2,2,0,0,0,0,14,37,1,0,0,0,0,0,0
Santos,277,Jonathan Copete Valencia,copete,Copete,77959,12,5,6,0,4,0,0,0,0,0,0,0,0,0,0,0,0,0,0,0,0,0,0,0,0,0
Santos,277,Madson Ferreira dos Santos,madson,Madson,78077,12,2,6,9.5,6.45,1.31,4.37,7,0,2,0,1,0,2,0,0,0,4,36,1,0,1,0,2,2,0
Santos,277,Fernando Uribe Hincapié,uribe,Uribe,78415,12,5,6,0,3.33,0,0.6,1,0,0,0,0,0,0,0,0,0,1,1,0,0,1,0,0,2,0
Santos,277,Jean Mota Oliveira de Sousa,jean-mota,Jean Mota,78548,12,4,2,1.3,3.62,0.01,1.17,7,0,7,0,0,0,0,0,0,0,5,20,0,0,0,4,0,0,0
Santos,277,Alexi Stival,cuca,Cuca,42411,12,6,7,3.06,10.94,-0.13,4.2,12,0,0,0,0,0,0,0,0,0,0,0,0,0,0,0,0,0,0
Santos,277,Luiz Felipe do Nascimento dos Santos,luiz-felipe,Luiz Felipe,79035,12,3,6,0,4.39,0,-0.1,1,0,0,0,0,0,0,0,0,0,0,1,0,0,0,0,0,0,0
Santos,277,Ivonei Júnior da Silva Rabelo,ivonei,Ivonei,105899,12,4,6,0,1.08,0,0.7,4,0,2,0,1,0,0,0,0,0,1,5,0,0,1,2,0,0,0
Santos,277,Alex de Oliveira Nascimento,alex,Alex,101600,12,3,2,0.9,2.6,-0.16,2.8,5,0,1,0,0,0,2,0,0,0,2,15,0,0,0,0,0,0,0
Santos,277,Carlos Andrés Sánchez Arcosa,carlos-sanchez,Carlos Sánchez,81677,12,4,5,-0.3,5.65,-0.64,1.66,12,0,11,0,1,0,0,0,0,0,18,98,1,0,6,7,0,1,1
Santos,277,Lucas Braga Ribeiro,lucas-braga,Lucas Braga,99119,12,5,6,1.5,2.57,-0.41,1.14,8,0,14,0,2,0,0,0,0,0,10,22,1,0,1,2,0,1,0
Santos,277,Derick Fernando da Silva,derick,Derick ,109830,12,3,6,0,0.77,0,0,1,0,0,0,0,0,0,0,0,0,0,0,0,0,0,0,0,0,0
Santos,277,Lucas Lourenço Andrade,lucas-lourenco,Lucas Lourenço,101580,12,4,2,3.2,3.18,0.82,1.97,3,0,2,0,0,0,0,0,0,0,1,6,0,0,1,1,0,0,0
Bragantino,280,Luan Cândido de Almeida,luan-candido,Luan Cândido,100848,12,2,6,0,0.9,0,-3,1,0,2,0,1,0,0,0,0,0,0,0,0,0,0,0,0,0,0
Bragantino,280,Tomás Esteban Cuello,cuello,Cuello,98909,12,4,6,0,2,0,0,0,0,0,0,0,0,0,0,0,0,0,0,0,0,0,0,0,0,0
Bragantino,280,Weverton Guilherme da Silva Souza,weverton,Weverton,104625,12,2,6,0,1.19,0,0.1,3,0,1,0,0,0,0,0,0,0,0,10,0,0,0,1,0,0,0
Bragantino,280,Leandro Henrique do Nascimento,leandrinho,Leandrinho,91702,12,5,6,0,2.39,0,0.67,3,0,1,0,0,0,0,0,0,0,4,5,0,0,0,0,0,0,0
Bragantino,280,Raul Lô Gonçalves,raul,Raul,92496,12,4,7,5.8,7.93,0.38,6.98,4,0,4,0,0,0,0,0,0,0,5,26,0,0,0,0,1,0,0
Bragantino,280,Leonardo Javier Realpe Montaño,realpe,Realpe,106299,12,3,6,0,3.3,0,0.85,4,0,1,0,1,0,0,0,0,0,1,14,0,0,0,1,0,0,0
Bragantino,280,Aderlan de Lima Silva,aderlan,Aderlan,88423,12,2,7,0,8.21,0,1.81,11,0,25,0,1,0,0,0,0,0,10,94,0,0,1,4,0,1,0
Bragantino,280,Ricardo Ryller Ribeiro Lino Silva,ricardo-ryller,Ricardo Ryller,85856,12,4,7,0,3.45,0,1.21,10,0,32,0,6,0,0,0,0,0,13,40,0,0,0,7,0,0,0
Bragantino,280,Gustavo Bonatto Barreto,barreto,Barreto,89224,12,4,6,-0.5,3.16,-0.34,0.38,4,0,3,0,0,0,0,0,0,0,1,5,0,0,0,0,0,0,0
Bragantino,280,Andrew Erik Feitosa,morato,Morato,86227,12,5,6,0.9,2.54,0.42,0.24,9,0,7,0,0,1,0,0,0,0,7,42,0,0,3,6,0,2,0
Bragantino,280,Artur Victor Guimarães,artur,Artur,95799,12,5,7,0.9,12.12,-0.2,3.11,12,0,11,0,1,0,0,0,0,0,28,98,2,1,7,14,0,2,1
Bragantino,280,Fabrício Bruno Soares de Faria,fabricio-bruno,Fabrício Bruno,90768,12,3,6,0,0.93,0,-0.4,4,0,5,0,1,1,0,0,0,0,2,11,0,0,0,0,0,0,0
Bragantino,280,Matheus Sousa de Jesus,matheus-jesus,Matheus Jesus,95335,12,4,6,0,4.54,0,1,9,0,13,0,3,0,0,0,0,0,7,37,1,0,3,7,0,1,0
Bragantino,280,Alerrandro Barra Mansa Realino de Souza,alerrandro,Alerrandro,101715,12,5,7,2.1,11.44,-2.04,6.59,10,0,6,0,0,0,0,0,0,0,11,30,2,2,5,8,5,4,1
Bragantino,280,Leonardo Rech Ortiz,leo-ortiz,Léo Ortiz,97867,12,3,7,1.9,7.7,-0.85,3.02,12,0,12,0,1,0,0,0,0,0,7,39,0,0,1,3,2,0,0
Bragantino,280,Victor Hugo Santana Carvalho,vitinho,Vitinho,95770,12,4,5,0,3,0,0,0,0,0,0,0,0,0,0,0,0,0,0,0,0,0,0,0,0,0
Bragantino,280,Robson José Brilhante Martins,robinho,Robinho,97461,12,5,6,0,2.03,0,1.46,5,0,3,0,0,0,0,0,0,0,1,5,1,0,0,1,0,0,0
Bragantino,280,Cleiton Schwengber,cleiton,Cleiton,93882,12,1,6,0,0.77,0,-1.56,9,0,0,0,0,0,0,5,0,14,2,70,0,0,0,0,0,0,0
Bragantino,280,Bruno Nunes de Barros,bruno-tubarao,Bruno Tubarão,93637,12,4,7,3.4,3.66,-2.05,2.82,10,0,10,0,2,0,0,0,0,0,3,33,1,1,1,3,1,1,0
Bragantino,280,Claudio Luiz Rodrigues Parisi Leonel,claudinho,Claudinho,92630,12,5,6,1,12.83,0.36,4.21,11,0,13,0,2,0,0,0,0,0,17,102,1,0,7,7,3,1,1
Bragantino,280,Thonny Anderson da Silva Carvalho,thonny-anderson,Thonny Anderson,101484,12,4,6,0,6,0,0,0,0,0,0,0,0,0,0,0,0,0,0,0,0,0,0,0,0,0
Bragantino,280,Júlio César de Souza Santos,julio-cesar,Júlio César,38133,12,1,7,-2.4,4.52,-0.85,1.8,3,0,0,0,0,0,0,3,1,5,0,36,0,0,0,0,0,0,0
Bragantino,280,Ytalo José Oliveira dos Santos,ytalo,Ytalo,53148,12,5,6,0,4.92,0,1.87,6,0,2,0,0,0,0,0,0,0,0,8,1,0,3,3,0,0,0
Bragantino,280,Ligger Moreira Malaquias,ligger,Ligger,61141,12,3,7,0.7,3.1,-0.56,1.13,6,0,9,0,0,0,0,0,0,0,2,9,1,0,1,0,0,0,0
Bragantino,280,Edimar Curitiba Fraga,edimar,Edimar,62024,12,2,7,-0.5,3.28,-0.67,1.06,10,0,14,0,3,0,0,0,0,0,7,118,0,0,1,9,0,1,0
Bragantino,280,Uillian Correia Granemann,uillian-correia,Uillian Correia,72007,12,4,6,-0.9,2.58,-0.34,-0.13,4,0,4,0,0,0,0,0,0,0,0,3,0,0,0,1,0,0,0
Bragantino,280,Weverson Moreira da Costa,weverson,Weverson,109426,12,2,6,0,0.78,0.02,-0.66,8,0,8,0,0,1,0,0,0,0,1,23,0,0,1,1,0,1,0
Bragantino,280,Lucas Evangelista Santana de Oliveira,lucas-evangelista,Lucas Evangelista,84674,12,4,7,16,7.17,2.16,4.6,8,0,10,0,2,0,0,0,0,0,13,23,0,1,2,4,2,0,0
Bragantino,280,Jan Carlos Hurtado Anchico,hurtado,Hurtado,105301,12,5,6,-1.1,1.91,-0.22,0.05,6,0,5,0,0,0,0,0,0,0,0,4,0,0,1,0,0,0,0
Bragantino,280,Alex Alves de Lima,alex-alves,Alex Alves,77861,12,1,6,0,1,0,0,0,0,0,0,0,0,0,0,0,0,0,0,0,0,0,0,0,0,0
Bragantino,280,César Rafael Haydar Villarreal,haydar,Haydar,108385,12,3,6,0,2,0,0,0,0,0,0,0,0,0,0,0,0,0,0,0,0,0,0,0,0,0
Bragantino,280,Luis Phelipe de Souza Figueiredo,luis-phelipe,Luis Phelipe,104500,12,5,6,0.9,4.51,-0.25,3.06,5,0,2,0,1,0,0,0,0,0,7,4,0,0,1,0,1,0,0
Bragantino,280,Chrigor Flores Moraes,chrigor,Chrigor,101398,12,5,6,0,2.25,0,2.4,1,0,1,0,0,0,0,0,0,0,2,1,0,0,0,0,0,0,0
Bragantino,280,Maurício Nogueira Barbieri,mauricio-barbieri,Maurício Barbieri,82792,12,6,7,2.56,6.34,-0.27,3.02,5,0,0,0,0,0,0,0,0,0,0,0,0,0,0,0,0,0,0
Atlético-MG,282,Alan Steven Franco Palma,franco,Franco,39656,12,4,2,-1,5.08,-0.35,2.95,11,0,13,0,0,0,0,0,0,0,10,43,0,0,2,3,3,1,0
Atlético-MG,282,Dylan Felipe Borrero Caicedo,borrero,Borrero,106843,12,4,6,0,4,0,0,0,0,0,0,0,0,0,0,0,0,0,0,0,0,0,0,0,0,0
Atlético-MG,282,Fábio Santos Romeu,fabio-santos,Fábio Santos,38229,12,2,6,0,6.19,0,3.3,3,0,2,0,0,0,2,0,0,0,0,1,0,0,0,0,0,0,0
Atlético-MG,282,Diego Tardelli Martins,diego-tardelli,Diego Tardelli,38231,12,5,5,0,9,0,0,0,0,0,0,0,0,0,0,0,0,0,0,0,0,0,0,0,0,0
Atlético-MG,282,Maílton dos Santos de Sá,mailton,Maílton,97898,12,2,6,0,2.68,0,1.07,3,0,1,0,0,0,0,0,0,0,2,10,0,0,2,1,0,1,0
Atlético-MG,282,Jefferson David Savarino Quintero,savarino,Savarino,98672,12,5,7,8.1,6.32,0.76,2.62,11,0,10,0,1,0,0,0,0,0,10,57,2,2,5,7,1,6,0
Atlético-MG,282,Gustavo Henrique Santos,gustavo-henrique,Gustavo Henrique,107963,12,3,6,0,2,0,0,0,0,0,0,0,0,0,0,0,0,0,0,0,0,0,0,0,0,0
Atlético-MG,282,Cláudio Rodrigues Gomes,guga,Guga,101319,12,2,7,5,13.63,1.02,5.47,9,0,9,0,1,0,4,0,0,0,13,65,1,1,2,3,0,0,0
Atlético-MG,282,Marrony da Silva Liberato,marrony,Marrony,101717,12,5,6,-0.5,9.57,-0.64,3.33,9,0,10,0,0,0,0,0,0,0,2,10,0,1,7,2,2,0,0
Atlético-MG,282,Wellington Daniel Bueno,bueno,Bueno,97425,12,3,6,0.8,7.71,-0.93,4.4,3,0,0,0,0,0,2,0,0,0,1,3,0,0,0,0,0,0,0
Atlético-MG,282,Réver Humberto Alves Araújo,rever,Réver,52253,12,3,7,0,7.21,0,3.88,5,0,3,0,0,0,1,0,0,0,6,29,0,0,0,1,1,0,0
Atlético-MG,282,Victor Leandro Bagy,victor,Victor,52950,12,1,6,0,6.11,0,-7.2,1,0,0,0,0,0,0,0,0,3,0,12,0,0,0,0,0,0,0
Atlético-MG,282,Hyoran Kaue Dalmoro,hyoran,Hyoran,85931,12,4,6,-1,11.65,-0.61,4.08,10,0,14,0,1,0,0,0,0,0,12,53,1,1,6,8,2,1,0
Atlético-MG,282,Júnior Osmar Ignacio Alonso Mujica,junior-alonso,Júnior Alonso,88312,12,3,7,2.5,11.17,0.37,3.98,11,0,15,0,2,0,4,0,0,0,1,68,1,1,2,4,0,0,0
Atlético-MG,282,Rafael Pires Monteiro,rafael,Rafael,68928,12,1,6,0,7.81,0,2.36,8,0,1,0,0,1,4,5,0,5,0,56,0,0,0,0,0,0,0
Atlético-MG,282,Igor Rabello da Costa,igor-rabello,Igor Rabello,89493,12,3,6,0.4,11.79,-0.03,3.72,9,0,10,0,0,0,3,0,0,0,9,40,0,1,0,0,1,0,0
Atlético-MG,282,Jorge Sampaoli,jorge-sampaoli,Jorge Sampaoli,70800,12,6,7,5.19,14.27,0.37,4.83,11,0,0,0,0,0,0,0,0,0,0,0,0,0,0,0,0,0,0
Atlético-MG,282,Gustavo Blanco Petersen Macedo,gustavo-blanco,Gustavo Blanco,91191,12,4,6,0,6,0,0,0,0,0,0,0,0,0,0,0,0,0,0,0,0,0,0,0,0,0
Atlético-MG,282,Jair Rodrigues Júnior,jair,Jair,81091,12,4,7,0.5,7.31,0.12,3.2,10,0,26,0,4,0,0,0,0,0,19,29,2,0,0,3,1,0,0
Atlético-MG,282,Gabriel Costa França,gabriel,Gabriel,87393,12,3,6,0,7.83,0,2.8,1,0,2,0,1,0,1,0,0,0,0,2,0,0,0,0,0,0,0
Atlético-MG,282,José Marcos Costa Martins,marquinhos,Marquinhos,98765,12,5,6,0,4.3,0,1.81,8,0,9,0,0,0,0,0,0,0,5,28,1,1,1,2,0,3,0
Atlético-MG,282,Allan Rodrigues de Souza,allan,Allan,96652,12,4,7,1.4,6.66,0.29,1.55,11,0,14,0,1,0,0,0,0,0,8,69,0,0,1,6,0,0,0
Atlético-MG,282,Nathan Allan de Souza,nathan,Nathan,87009,12,4,2,1.3,9.69,-1.2,5.2,5,0,3,0,0,0,0,0,0,0,3,14,0,0,3,1,2,2,0
Atlético-MG,282,Mariano Ferreira Filho,mariano,Mariano,38877,12,2,6,0,9.06,0,3.3,6,0,5,0,0,0,1,0,0,0,3,64,1,0,1,0,0,0,0
Atlético-MG,282,Calebe Gonçalves Ferreira da Silva,calebe,Calebe,109461,12,4,6,0,1,0,0,0,0,0,0,0,0,0,0,0,0,0,0,0,0,0,0,0,0,0
Atlético-MG,282,Eduardo Colcenti Antunes,eduardo-sasha,Eduardo Sasha,70360,12,5,7,5.4,7.86,1,3.6,7,0,8,0,0,0,0,0,0,0,10,19,2,0,5,2,1,1,1
Atlético-MG,282,Everson Felipe Marques Pires,everson,Everson,72294,12,1,7,6.3,9.63,0.66,2.83,3,0,0,0,0,0,0,4,0,5,0,25,1,0,0,0,0,0,0
Atlético-MG,282,Sávio Moreira de Oliveira,savio,Sávio,109463,12,5,6,0.4,0.81,0.05,-0.1,2,0,1,0,0,0,0,0,0,0,1,2,0,0,0,0,0,0,0
Atlético-MG,282,Marcos da Silva França,keno,Keno,86485,12,5,7,29.2,15.9,2.32,6.69,11,0,13,0,1,0,0,0,0,0,10,82,1,3,8,9,6,9,0
Atlético-MG,282,Guilherme Antonio Arana Lopes,guilherme-arana,Guilherme Arana,87228,12,2,7,-1.7,15.35,-0.23,4.22,11,0,14,0,1,0,4,0,0,0,5,111,2,0,6,9,0,1,0
Grêmio,284,Luis Manuel Orejuela García,orejuela,Orejuela,95352,12,2,7,0,8.44,0,3.73,9,0,16,0,1,0,4,0,0,0,12,105,0,1,3,5,0,1,0
Grêmio,284,Jean Pyerre Casagrande Silveira Correa,jean-pyerre,Jean Pyerre,98832,12,4,6,0,12.85,0,4.7,4,0,3,0,0,0,0,0,0,0,6,25,0,1,2,8,0,0,0
Grêmio,284,Walter Kannemann,kannemann,Kannemann,87342,12,3,6,0,11.23,0,4.28,6,0,18,0,3,0,3,0,0,0,9,20,0,0,2,1,0,0,0
Grêmio,284,Everton Cardoso da Silva,everton,Everton,50301,12,4,6,0,5.99,0,2.72,5,0,9,0,0,0,0,0,0,0,7,31,1,0,3,2,0,1,0
Grêmio,284,Luiz Fernando Moraes dos Santos,luiz-fernando,Luiz Fernando ,90715,12,5,6,-2.8,4.3,-0.12,1.25,6,0,2,0,1,1,0,0,0,0,1,10,0,0,3,3,1,0,0
Grêmio,284,Patrick Machado Ferreira ,patrick,Patrick,99918,12,4,6,0,2.74,0,-0.5,1,0,1,0,0,0,0,0,0,0,0,0,0,0,0,0,0,0,0
Grêmio,284,Renato Portaluppi,renato-gaucho,Renato Gaúcho,41929,12,6,7,2.75,12.14,0.35,3.7,11,0,0,0,0,0,0,0,0,0,0,0,0,0,0,0,0,0,0
Grêmio,284,Vanderlei Farias da Silva,vanderlei,Vanderlei,62121,12,1,7,0,7.79,0,3.2,8,0,0,0,1,0,3,7,0,6,1,39,0,0,0,0,0,0,0
Grêmio,284,Diego Souza de Andrade,diego-souza,Diego Souza,68911,12,5,7,0,8.67,0,1.82,8,0,12,0,2,0,0,0,0,0,9,53,0,0,2,8,2,1,1
Grêmio,284,Victor Ferraz Macedo,victor-ferraz,Victor Ferraz,70046,12,2,6,0,6.64,0.47,-1.65,2,0,2,0,1,0,0,0,0,0,0,21,0,0,0,1,0,0,0
Grêmio,284,Pedro Tonon Geromel,pedro-geromel,Pedro Geromel,80853,12,3,5,0,10.82,0,3.8,6,0,7,0,1,1,2,0,0,0,2,33,0,0,0,2,0,0,0
Grêmio,284,Júlio César Jacobi,julio-cesar,Júlio César,49673,12,1,6,0,4,0,0,0,0,0,0,0,0,0,0,0,0,0,0,0,0,0,0,0,0,0
Grêmio,284,Maicon Thiago Pereira de Souza,maicon,Maicon,38196,12,4,2,0,3.15,0,-0.25,4,0,3,0,0,0,0,0,0,0,1,20,0,0,0,0,0,0,0
Grêmio,284,David Braz de Oliveira Filho,david-braz,David Braz,50317,12,3,7,1.6,8.41,-0.46,3.56,9,0,6,0,0,0,3,0,0,0,4,39,0,0,2,2,0,0,0
Grêmio,284,Jonathan Doin,paulo-miranda,Paulo Miranda,68817,12,3,2,2.2,3.1,0.46,2.43,3,0,2,0,0,0,1,0,0,0,2,17,0,0,0,0,0,0,0
Grêmio,284,Marcelo Oliveira Ferreira,marcelo-oliveira,Marcelo Oliveira,50328,12,3,6,0,3,0,0,0,0,0,0,0,0,0,0,0,0,0,0,0,0,0,0,0,0,0
Grêmio,284,Paulo Victor Mileo Vidotti,paulo-victor,Paulo Victor,68873,12,1,6,-2.7,5.36,-1.89,3.67,3,0,0,0,0,0,1,4,0,4,0,20,0,0,0,0,0,0,0
Grêmio,284,Bruno Cortês Barbosa,bruno-cortez,Bruno Cortez,72079,12,2,7,0,10.4,0,3.79,9,0,10,0,1,0,4,0,0,0,10,62,0,0,0,1,0,1,0
Grêmio,284,Leonardo Gomes da Conceição Silva,leonardo,Leonardo,86973,12,2,6,0,6,0,0,0,0,0,0,0,0,0,0,0,0,0,0,0,0,0,0,0,0,0
Grêmio,284,Alisson Euler de Freitas Castro,alisson,Alisson,81845,12,4,7,0,11.83,0,6.07,10,0,8,0,1,0,0,0,0,0,24,91,3,1,11,12,1,2,0
Grêmio,284,Diogo Barbosa Mendanha,diogo-barbosa,Diogo Barbosa,70916,12,2,6,2.8,8.03,0.71,3.5,7,0,9,0,0,0,1,0,0,0,7,51,0,0,1,3,0,0,0
Grêmio,284,Antônio Josenildo Rodrigues de Oliveira,rodrigues,Rodrigues,91251,12,3,2,0,2.42,0,2.65,2,0,0,0,0,0,1,0,0,0,0,7,0,0,0,0,0,0,0
Grêmio,284,Thaciano Mickael da Silva,thaciano,Thaciano,87470,12,4,6,0,5.18,0,1.88,5,0,5,0,1,0,0,0,0,0,2,7,0,0,1,3,1,0,0
Grêmio,284,Lucas Silva Borges,lucas-silva,Lucas Silva,79701,12,4,7,0.8,4.97,-0.09,1.47,10,0,11,0,2,0,0,0,0,0,16,31,0,0,1,4,0,0,0
Grêmio,284,Matheus Henrique de Souza,matheus-henrique,Matheus Henrique,100742,12,4,7,1.8,6.03,0.25,0.09,8,0,12,0,2,1,0,0,0,0,19,45,0,0,0,1,0,0,0
Grêmio,284,Eduardo Gabriel Aquino Cossa,pepe,Pepê,91201,12,5,7,2.2,12.36,-1.5,6.34,7,0,3,0,0,0,0,0,0,0,13,31,1,0,6,6,2,1,0
Grêmio,284,Darlan Pereira Mendes,darlan,Darlan,104593,12,4,2,0.6,4.8,0.08,2.42,7,0,7,0,1,0,0,0,0,0,5,17,0,0,0,2,1,0,0
Grêmio,284,Guilherme da Silva Azevedo,guilherme-azevedo,Guilherme Azevedo,105837,12,5,6,2.6,1.5,0.21,1.32,5,0,2,0,0,0,0,0,0,0,7,4,0,0,1,1,0,1,0
Grêmio,284,Guilherme Alecsander Guedes,guilherme-guedes,Guilherme Guedes,100741,12,2,6,0,3,0,0,0,0,0,0,0,0,0,0,0,0,0,0,0,0,0,0,0,0,0
Grêmio,284,Isaque Elias Brito,isaque,Isaque,101483,12,5,6,11.2,6.79,2.22,3.25,11,0,7,0,0,0,0,0,0,0,10,33,0,0,7,7,2,1,0
Grêmio,284,Ruan Tressoldi Netto,ruan,Ruan,100842,12,3,6,0,0.74,0,0,1,0,0,0,0,0,0,0,0,0,0,0,0,0,0,0,0,0,0
Grêmio,284,Lucas Araújo de Oliveira,lucas-araujo,Lucas Araújo,100844,12,4,6,0,1,0,0,0,0,0,0,0,0,0,0,0,0,0,0,0,0,0,0,0,0,0
Grêmio,284,Rildo Gonçalves de Amorim Filho,rildo,Rildo,107798,12,4,6,0.3,0.79,0.02,0.15,2,0,1,0,0,0,0,0,0,0,2,2,0,0,0,0,0,0,0
Grêmio,284,Brenno Oliveira Fraga Costa,brenno,Brenno,100830,12,1,6,0,1,0,0,0,0,0,0,0,0,0,0,0,0,0,0,0,0,0,0,0,0,0
Grêmio,284,Róbson Michael Signorini,robinho,Robinho,62104,12,4,6,10.1,6.42,2.28,2.26,5,0,5,0,1,0,0,0,0,0,7,43,2,0,1,3,0,0,0
Grêmio,284,Fabrício do Rosário dos Santos,fabricio,Fabrício,104134,12,5,6,0,0.77,0,0,1,0,0,0,0,0,0,0,0,0,0,0,0,0,0,0,0,0,0
Grêmio,284,Aldemir dos Santos Ferreira,ferreira,Ferreira,101290,12,5,6,-0.5,4,-1.17,2.77,3,0,3,0,0,0,0,0,0,0,2,2,0,0,0,0,1,0,0
Internacional,285,Bruno Conceição Praxedes,praxedes,Praxedes,107744,12,4,6,0,0.78,0.01,-1.16,5,0,8,0,3,0,0,0,0,0,1,27,0,0,0,3,0,0,0
Internacional,285,José Paolo Guerrero Gonzales,paolo-guerrero,Paolo Guerrero,75295,12,5,5,0,20.81,0,11.2,3,0,7,0,0,0,0,0,0,0,5,15,1,1,1,3,3,3,0
Internacional,285,Patrick Bezerra do Nascimento,patrick,Patrick,83433,12,4,7,0,10.18,0,3.85,10,0,17,0,0,0,0,0,0,0,14,54,1,2,5,3,1,2,0
Internacional,285,Moisés Roberto Barbosa,moises,Moisés,90444,12,2,6,4.5,11.39,0.91,3.86,11,0,28,0,1,0,6,0,0,0,2,117,2,0,1,5,0,2,0
Internacional,285,João Lucas Souza Cardoso,johnny,Johnny ,106002,12,4,6,0,2.48,0,2.35,4,0,1,0,0,0,0,0,0,0,3,16,0,0,1,1,0,0,0
Internacional,285,Eduardo Germán Coudet,eduardo-coudet,Eduardo Coudet,94853,12,6,7,2.84,12.27,0.46,3.85,12,0,0,0,0,0,0,0,0,0,0,0,0,0,0,0,0,0,0
Internacional,285,João Gabriel Martins Peglow,peglow,Peglow,106821,12,4,6,0,1.74,0,0.82,5,0,5,0,0,0,0,0,0,0,1,12,1,0,0,1,0,1,0
Internacional,285,Andrés Nicolas D'Alessandro,d-alessandro,D'Alessandro,62023,12,4,6,0,2.8,0,0.44,9,0,2,0,2,0,0,0,0,0,7,36,0,0,3,3,0,2,0
Internacional,285,Uendel Pereira Gonçalves,uendel,Uendel,60852,12,2,2,0,4,0,4,1,0,0,0,0,0,0,0,0,0,0,10,0,0,0,0,0,0,0
Internacional,285,Thiago Galhardo do Nascimento Rocha,thiago-galhardo,Thiago Galhardo,71844,12,4,7,9.9,18.59,1.74,9.38,11,0,11,0,0,0,0,0,0,0,20,49,3,0,2,7,9,5,0
Internacional,285,Rodrigo Modesto da Silva Moledo,rodrigo-moledo,Rodrigo Moledo,63354,12,3,7,1.3,5.74,-0.23,2.36,8,0,3,0,1,0,3,0,0,0,5,9,0,0,0,1,0,0,0
Internacional,285,Edenílson Andrade Dos Santos,edenilson,Edenílson,63289,12,4,7,2.6,8.17,0.55,2.06,11,0,17,0,2,0,0,0,0,0,14,78,1,0,4,4,1,2,0
Internacional,285,Rodrigo Oliveira Lindoso,rodrigo-lindoso,Rodrigo Lindoso,72362,12,4,7,-1.1,4.22,-0.58,1.32,9,0,18,0,0,0,0,0,0,0,1,28,1,0,1,0,0,0,0
Internacional,285,William de Oliveira Pottker,william-pottker,William Pottker,77809,12,5,6,0,3.36,0,-0.03,3,0,3,0,0,1,0,0,0,0,5,11,0,0,2,2,0,0,0
Internacional,285,Danilo Fernandes Batista,danilo-fernandes,Danilo Fernandes,69051,12,1,6,0,6,0,0,0,0,0,0,0,0,0,0,0,0,0,0,0,0,0,0,0,0,0
Internacional,285,Rodrigo Dourado Cunha,rodrigo-dourado,Rodrigo Dourado,78865,12,4,6,0,6,0,0,0,0,0,0,0,0,0,0,0,0,0,0,0,0,0,0,0,0,0
Internacional,285,Gabriel Boschilia,boschilia,Boschilia,86841,12,4,7,4.9,8.68,1.56,4.12,11,0,21,0,2,0,0,0,0,0,13,85,1,0,8,4,1,0,0
Internacional,285,Rodinei Marcelo de Almeida,rodinei,Rodinei,73992,12,2,6,0,4.36,0,1.95,4,0,4,0,1,0,1,0,0,0,8,34,0,0,1,0,0,0,0
Internacional,285,Renzo Saravia,saravia,Saravia,96725,12,2,5,0,18.78,0,7.96,8,0,12,0,1,0,5,0,0,0,15,56,1,0,1,2,0,0,0
Internacional,285,Marcos Guilherme de Almeida Santos Matos,marcos-guilherme,Marcos Guilherme ,83266,12,4,6,1,3.04,0.17,0.16,10,0,10,0,1,0,0,0,0,0,6,17,0,0,1,2,0,5,0
Internacional,285,Damián Marcelo Musto,musto,Musto,94838,12,4,6,2.7,6.47,0.16,2.84,8,0,13,0,1,0,0,0,0,0,11,19,0,0,0,2,1,0,0
Internacional,285,Gustavo Nonato Santana,nonato,Nonato,100987,12,4,6,0,4.55,0,3.03,3,0,6,0,2,0,0,0,0,0,6,11,0,0,1,0,0,0,0
Internacional,285,Daniel de Sousa Brito,daniel,Daniel,96468,12,1,5,0,2,0,0,0,0,0,0,0,0,0,0,0,0,0,0,0,0,0,0,0,0,0
Internacional,285,Keiller da Silva Nunes,keiller,Keiller,93834,12,1,6,0,2,0,0,0,0,0,0,0,0,0,0,0,0,0,0,0,0,0,0,0,0,0
Internacional,285,Heitor Rodrigues da Fonseca,heitor,Heitor,104649,12,2,7,0.8,3.28,-0.72,0.8,1,0,2,0,1,0,0,0,0,0,1,7,0,0,0,0,0,0,0
Internacional,285,Yuri Alberto Monteiro da Silva,yuri-alberto,Yuri Alberto,100652,12,5,6,0,2.16,0,-0.2,1,0,0,0,0,0,0,0,0,0,0,2,0,0,0,0,0,0,0
Internacional,285,César Coelho Campos Júnior,cesinha,Cesinha,107746,12,4,6,0,1,0,0,0,0,0,0,0,0,0,0,0,0,0,0,0,0,0,0,0,0,0
Internacional,285,Matheus Isaías dos Santos,matheus-jussa,Matheus Jussa,91689,12,3,6,0,2.32,0,0.9,2,0,5,0,2,0,1,0,0,0,1,12,0,0,0,0,0,0,0
Internacional,285,Tiago Barbosa Figueiredo,tiago-barbosa,Tiago Barbosa,107742,12,3,6,0,2,0,0,0,0,0,0,0,0,0,0,0,0,0,0,0,0,0,0,0,0,0
Internacional,285,Leonardo Borges da Silva,leonardo-borges,Leonardo Borges,105839,12,2,2,0,1,0,0,0,0,0,0,0,0,0,0,0,0,0,0,0,0,0,0,0,0,0
Internacional,285,Carlos Eduardo da Silva Rodrigues Lima,carlos-eduardo,Carlos Eduardo,107756,12,3,6,0,1,0,0,0,0,0,0,0,0,0,0,0,0,0,0,0,0,0,0,0,0,0
Internacional,285,Víctor Leandro Cuesta,victor-cuesta,Víctor Cuesta,79113,12,3,7,-0.6,10.3,-0.29,2.55,11,0,16,0,3,0,6,0,0,0,10,81,0,0,1,0,0,0,0
Internacional,285,Lucas Ribeiro dos Santos,lucas-ribeiro,Lucas Ribeiro,103088,12,3,6,0,4,0,0,0,0,0,0,0,0,0,0,0,0,0,0,0,0,0,0,0,0,0
Internacional,285,Leonardo Ferreira Gonçalves,leo-ferreira,Léo Ferreira,107760,12,5,6,0,1.45,0,1.5,1,0,1,0,0,0,0,0,0,0,1,4,0,0,0,3,0,1,0
Internacional,285,Andrés Felipe Amaya Rivera,amaya,Amaya,109656,12,5,6,0,1,0,0,0,0,0,0,0,0,0,0,0,0,0,0,0,0,0,0,0,0,0
Internacional,285,Abel Mathías Hernández Platero,abel-hernandez,Abel Hernández,74159,12,5,7,-0.2,6.38,-0.15,0.88,5,0,6,0,1,0,0,0,0,0,1,7,0,0,1,3,0,0,0
Internacional,285,Leandro Miguel Fernández,leandro-fernandez,Leandro Fernández,93303,12,5,6,0,7.3,0,2.1,2,0,2,0,0,0,0,0,0,0,2,9,0,0,2,4,0,1,0
Internacional,285,Marcelo Lomba do Nascimento,marcelo-lomba,Marcelo Lomba,68872,12,1,7,11.2,11,2.73,1.16,12,0,0,0,1,0,6,4,0,8,0,141,0,0,0,0,0,0,0
Internacional,285,Pedro Henrique Alves Santana,pedro-henrique,Pedro Henrique,105840,12,3,6,0,0.77,0,-1,1,0,2,0,1,0,0,0,0,0,1,7,0,0,1,0,0,0,0
Internacional,285,José Gabriel dos Santos Silva,ze-gabriel,Zé Gabriel,105902,12,4,3,-5.8,1.05,-1.59,0.38,9,0,11,0,1,1,0,0,0,0,8,39,0,0,0,1,0,0,0
Goiás,290,Yago da Silva Rocha,yago-rocha,Yago Rocha,90118,12,2,6,0,3.06,0,1.9,1,0,0,0,0,0,0,0,0,0,0,3,0,0,1,0,0,0,0
Goiás,290,Matheus Alves da Silva Cardoso,matheus-alves,Matheus Alves,91712,12,1,6,0,1,0,0,0,0,0,0,0,0,0,0,0,0,0,0,0,0,0,0,0,0,0
Goiás,290,Lucas Cavalcante Silva Afonso,lucao,Lucão,84554,12,3,6,0,3,0,0,0,0,0,0,0,0,0,0,0,0,0,0,0,0,0,0,0,0,0
Goiás,290,David de Duarte Macedo,david-duarte,David Duarte,91772,12,3,7,11.4,5.69,1.22,6.5,4,0,0,0,0,0,1,0,0,0,3,13,0,0,2,3,1,0,0
Goiás,290,Miguel Ferreira Damasceno,miguel-figueira,Miguel Figueira,102565,12,4,6,0,1.38,0,0.64,5,0,9,0,1,0,0,0,0,0,4,11,1,0,0,1,0,0,0
Goiás,290,Jefferson Junio Antônio da Silva,jefferson,Jefferson,95220,12,2,7,0,5.15,0,2.43,6,0,5,0,1,1,2,0,0,0,4,42,0,0,0,1,1,1,0
Goiás,290,Kevin Martín Quevedo Mathey,quevedo,Quevedo,102197,12,5,6,0,0.85,0,0.4,1,0,0,0,0,0,0,0,0,0,1,1,0,0,0,0,0,0,0
Goiás,290,Thalles Gabriel Morais dos Reis,thalles,Thalles,95222,12,4,6,0,3.27,0,0.7,1,0,0,0,0,0,0,0,0,0,1,3,0,0,0,0,0,1,0
Goiás,290,Daniel Sartori Bessa,daniel-bessa,Daniel Bessa,103591,12,4,7,-2.1,6.15,-0.65,2.74,9,0,14,0,2,0,0,0,0,0,6,52,0,1,2,3,2,0,0
Goiás,290,Wanderson de Jesus Martins,caju,Caju,89342,12,2,6,0.4,3.09,-1.03,3.53,3,0,2,0,0,0,1,0,0,0,2,30,0,0,0,2,0,0,0
Goiás,290,Rafael Martiniano de Miranda Moura,rafael-moura,Rafael Moura,37655,12,5,2,5.9,6.38,1.15,2.02,5,0,16,0,1,0,0,0,0,0,6,30,0,0,2,4,2,5,0
Goiás,290,Kaio Nunes Ferreira,kaio,Kaio,102563,12,4,6,0,3,0,0,0,0,0,0,0,0,0,0,0,0,0,0,0,0,0,0,0,0,0
Goiás,290,Ignacio Andrés Jara Vargas,ignacio-jara,Ignacio Jara ,107318,12,4,6,1,2.09,-0.84,1.84,5,0,3,0,0,0,0,0,0,0,2,5,0,0,1,0,1,0,0
Goiás,290,Heron Crespo da Silva,heron,Heron,105339,12,3,6,-2.5,0.78,0.03,-0.62,4,0,6,0,1,0,0,0,0,0,0,15,0,0,0,0,0,0,0
Goiás,290,Breno Washington Rodrigues da Silva,breno,Breno,106083,12,4,7,2.6,4.24,0.26,2.2,7,0,11,0,1,0,0,0,0,0,6,15,0,1,0,3,0,0,0
Goiás,290,Cristiano da Silva Vidal,vidal,Vidal,95540,12,2,6,0,2,0,0,0,0,0,0,0,0,0,0,0,0,0,0,0,0,0,0,0,0,0
Goiás,290,Sandro Raniere Guimarães Cordeiro,sandro,Sandro,62111,12,4,7,2.1,3.39,0.27,0.47,6,0,12,0,2,0,0,0,0,0,6,17,0,0,0,0,0,1,0
Goiás,290,Douglas Baggio de Oliveira Costa,douglas-baggio,Douglas Baggio,88072,12,5,6,1.7,4.07,0.01,1.95,6,0,5,0,0,0,0,0,0,0,7,18,0,0,2,2,0,1,0
Goiás,290,Vinícius Lopes da Silva,vinicius,Vinícius,104660,12,5,7,0.4,3.83,-1.95,5.57,6,0,10,0,1,0,0,0,0,0,15,11,0,0,4,4,2,0,0
Goiás,290,Gilberto dos Santos Souza Júnior,gilberto,Gilberto,73789,12,4,6,0,2.72,0,0.27,3,0,5,0,0,0,0,0,0,0,0,7,0,0,0,0,0,0,0
Goiás,290,Jurani Francisco Ferreira,ratinho,Ratinho,101841,12,4,6,0,1.67,0,0.88,4,0,4,0,1,0,0,0,0,0,3,8,0,0,0,1,0,0,0
Goiás,290,Victor Andrade Santos,victor-andrade,Victor Andrade,80536,12,5,6,0,5.36,0,3.47,6,0,16,0,3,0,0,0,0,0,24,18,0,0,1,8,1,0,0
Goiás,290,Henrique Almeida Caixeta Nascentes,henrique-almeida,Henrique Almeida,68773,12,5,5,0,5,0,0,0,0,0,0,0,0,0,0,0,0,0,0,0,0,0,0,0,0,0
Goiás,290,Fábio Pizarro Sanches,fabio-sanches,Fábio Sanches,71604,12,3,7,1,5.32,-0.42,1.85,8,0,3,1,1,0,2,0,0,0,5,20,0,0,1,2,0,0,0
Goiás,290,Daniel Alberto Villalva Barrios,keko,Keko ,81683,12,5,7,-1.9,1.85,-0.44,1.25,6,0,6,0,1,0,0,0,0,0,6,30,1,1,0,0,0,3,0
Goiás,290,Marcelo Rangel da Rosa,marcelo-rangel,Marcelo Rangel,82730,12,1,6,0,0.77,0,-3.45,2,0,0,0,1,0,0,1,0,3,0,29,0,0,0,0,0,0,0
Goiás,290,Lucas Vinícius Gonçalves Silva,lucao-do-break,Lucão do Break,83199,12,5,2,-2,1.92,-1.08,-2,1,0,0,0,1,0,0,0,0,0,0,0,0,0,0,0,0,0,0
Goiás,290,Walisson Oliveira da Silva,walisson-pequeno,Walisson Pequeno,101696,12,4,6,0,2,0,0,0,0,0,0,0,0,0,0,0,0,0,0,0,0,0,0,0,0,0
Goiás,290,Daniel de Pauli Oliveira,daniel-oliveira,Daniel Oliveira,106076,12,2,6,-0.5,1.49,-0.66,1.67,3,0,4,0,1,0,1,0,0,0,0,0,0,0,0,0,0,0,0
Goiás,290,Sebastián Enrique Salazar Beltrán,salazar,Salazar,91415,12,4,6,0,4,0,0,0,0,0,0,0,0,0,0,0,0,0,0,0,0,0,0,0,0,0
Goiás,290,Enderson Alves Moreira,enderson-moreira,Enderson Moreira,62137,12,6,7,0,4.88,0,0,0,0,0,0,0,0,0,0,0,0,0,0,0,0,0,0,0,0,0
Goiás,290,Henrique Lordelo Souza de Oliveira,henrique-lordelo,Henrique Lordelo,107259,12,4,6,0,1,0,0,0,0,0,0,0,0,0,0,0,0,0,0,0,0,0,0,0,0,0
Goiás,290,Edílson Mendes Guimarães,edilson,Edílson,38523,12,2,7,5.2,6.95,0.59,2.17,3,0,1,0,2,0,1,0,0,0,0,18,1,0,0,1,0,0,0
Goiás,290,Matheus Rezende Assis,rezende,Rezende,93798,12,4,6,0,1,0,0,0,0,0,0,0,0,0,0,0,0,0,0,0,0,0,0,0,0,0
Goiás,290,José Joaquim de Carvalho,zeca,Zeca,94976,12,5,6,0,0.75,0,-1.07,3,0,3,0,1,0,0,0,0,0,0,2,0,0,0,0,0,1,0
Goiás,290,Tadeu Antônio Ferreira,tadeu,Tadeu,82453,12,1,7,3.1,7.61,-1.17,1.3,7,0,0,0,0,0,2,7,0,12,1,66,0,0,1,0,0,0,0
Goiás,290,Juan de Dios Pintado Leines,pintado,Pintado,107565,12,2,6,0,2.78,0,2.33,7,0,9,0,1,0,1,0,0,0,1,30,0,0,0,1,0,1,0
Goiás,290,Mike dos Santos Nenatarvicius,mike,Mike,72389,12,5,6,0,3.01,0,1.14,5,0,3,0,1,0,0,0,0,0,7,9,0,0,1,3,0,0,0
Goiás,290,Filipe Cândido da Trindade,filipe-trindade,Filipe Trindade,105341,12,4,6,0,2,0,0,0,0,0,0,0,0,0,0,0,0,0,0,0,0,0,0,0,0,0
Sport,292,Philip Luiz Soares da Silva,philip,Philip,73758,12,4,6,0,1.38,0,-0.4,1,0,1,0,0,0,0,0,0,0,1,4,0,0,0,0,0,0,0
Sport,292,Carlos Eduardo Soares Mota,carlos-eduardo,Carlos Eduardo,90416,12,1,6,0,2,0,0,0,0,0,0,0,0,0,0,0,0,0,0,0,0,0,0,0,0,0
Sport,292,Luciano Batista da Silva Junior,luciano-juba,Luciano Juba,107093,12,2,6,0,2.85,0,1.88,8,0,9,0,1,0,1,0,0,0,1,62,1,2,1,0,0,0,0
Sport,292,Maxwell Lima Santos Silva,maxwell,Maxwell,107092,12,5,6,0,2.54,0,1.5,1,0,0,0,0,0,0,0,0,0,1,0,0,0,0,0,0,0,0
Sport,292,Francisco Alves da Silva Melo,chico,Chico,99253,12,3,6,0,2.3,0,1.35,4,0,3,0,1,0,1,0,0,0,1,6,0,0,0,0,0,0,0
Sport,292,Marcos Vinícius Sousa Natividade,marquinhos,Marquinhos,102292,12,5,2,0,6.1,0,3.43,10,0,14,0,3,0,0,0,0,0,42,49,0,0,0,4,1,0,0
Sport,292,Hernane Vidal Souza,hernane,Hernane,72386,12,5,7,0,3.48,0,0.85,10,0,3,0,2,0,0,0,0,0,10,10,0,0,0,0,1,0,0
Sport,292,Jonatan David Gomez Ospina,jonatan-gomez,Jonatan Gomez,94857,12,4,6,0,10.95,0,2.57,9,0,7,0,0,0,0,0,0,0,14,32,0,0,2,10,1,1,0
Sport,292,Lucas Henrique Ferreira Venuto,lucas-venuto,Lucas Venuto,100290,12,5,6,0,2.16,0,1.07,6,0,3,0,0,0,0,0,0,0,10,21,0,1,0,0,0,0,0
Sport,292,José Rogério de Oliveira Melo,rogerio,Rogério,73540,12,5,6,0,4.36,0,2.23,3,0,2,0,1,0,0,0,0,0,5,8,1,0,0,0,0,0,0
Sport,292,Thiago Neves Augusto,thiago-neves,Thiago Neves,38277,12,4,7,0,3.66,0,0.1,5,0,1,0,0,0,0,0,0,0,0,14,0,0,0,3,0,0,0
Sport,292,Patric Cabral Lalau,patric,Patric,60969,12,2,7,0,9.52,0,3.91,11,0,15,0,0,0,1,0,0,0,12,101,2,1,2,6,1,3,0
Sport,292,Ronaldo Henrique Silva,ronaldo-silva,Ronaldo Silva,71640,12,5,6,0,0.81,0,-2.2,3,0,1,0,1,1,0,0,0,0,0,3,0,0,1,0,0,2,0
Sport,292,Marcos Antônio Almeida Silva,marcao-silva,Marcão Silva,78856,12,4,2,0,4.42,0,1.32,5,0,4,0,0,0,0,0,0,0,6,4,0,0,0,0,0,0,0
Sport,292,Roberto Pimenta Vinagre Filho,betinho,Betinho,82876,12,4,5,0,4.89,0,2,10,0,22,0,3,0,0,0,0,0,10,54,1,0,0,3,0,0,0
Sport,292,Lucas Andrés Mugni,lucas-mugni,Lucas Mugni,81121,12,4,7,0,4.19,0,2.85,7,0,6,0,0,0,0,0,0,0,1,22,0,0,0,2,1,0,0
Sport,292,Luan Polli Gomes,luan-polli,Luan Polli ,88916,12,1,7,0,4.97,0,-0.46,5,0,0,0,1,0,1,3,0,5,0,73,0,0,0,0,0,0,0
Sport,292,Pedro Henrique Nunes Silva,pedrao,Pedrão,107541,12,3,6,0,1,0,0,0,0,0,0,0,0,0,0,0,0,0,0,0,0,0,0,0,0,0
Sport,292,Raul Prata,raul-prata,Raul Prata,84855,12,2,5,0,5,0,0,0,0,0,0,0,0,0,0,0,0,0,0,0,0,0,0,0,0,0
Sport,292,Rafael Thyere de Albuquerque Marques,rafael-thyere,Rafael Thyere,83048,12,3,6,0,4,0,0,0,0,0,0,0,0,0,0,0,0,0,0,0,0,0,0,0,0,0
Sport,292,Ronaldo Henrique Ferreira da Silva,ronaldo-henrique,Ronaldo Henrique,85149,12,4,2,0,3.01,0,0.68,5,0,8,0,2,0,0,0,0,0,5,11,0,0,0,0,0,0,0
Sport,292,Túlio Galindo Bandeira de Melo,tulio,Túlio,109566,12,1,6,0,1,0,0,0,0,0,0,0,0,0,0,0,0,0,0,0,0,0,0,0,0,0
Sport,292,Helber Ítalo dos Santos,italo,Ítalo,109395,12,4,6,0,1,0,0,0,0,0,0,0,0,0,0,0,0,0,0,0,0,0,0,0,0,0
Sport,292,Sander Henrique Bortolotto,sander,Sander,86391,12,2,7,0,8.24,0,2.34,8,0,5,0,0,1,0,0,0,0,13,61,0,0,1,2,0,0,0
Sport,292,Iago Justen Maidana Martins,iago-maidana,Iago Maidana,89226,12,3,7,0,7.04,0,2.99,11,0,13,0,2,0,1,0,0,0,7,73,0,0,1,5,3,0,0
Sport,292,Leandro Barcia Montero,leandro-barcia,Leandro Barcia,91242,12,5,2,0,5.41,0,1.63,6,0,5,0,1,0,0,0,0,0,7,30,0,0,1,2,1,4,0
Sport,292,Maílson Tenório dos Santos,mailson,Maílson,98034,12,1,6,0,1.89,0,0.27,6,0,1,0,1,0,0,6,0,8,1,54,0,0,0,0,0,0,0
Sport,292,Adryelson Shawann Lima Silva,adryelson,Adryelson,91664,12,3,7,0,4.37,0,1.47,10,0,12,0,3,0,1,0,0,0,7,38,0,1,2,2,0,0,0
Sport,292,Elias Lira Nogueira Júnior ,elias-lira,Elias Lira,99034,12,2,6,0,1,0,0,0,0,0,0,0,0,0,0,0,0,0,0,0,0,0,0,0,0,0
Sport,292,Bruno Roberto Pereira da Silva,bruninho,Bruninho,101716,12,4,6,0,4.12,0,2.07,7,0,2,0,1,0,0,0,0,0,3,15,0,2,3,3,0,1,0
Sport,292,Alesandro dos Santos Pereira,ale-santos,Alê Santos,99256,12,4,6,0,2,0,0,0,0,0,0,0,0,0,0,0,0,0,0,0,0,0,0,0,0,0
Sport,292,João Igor Oliveira de Santana,joao-igor,João Igor,104217,12,4,6,0,1.93,0,-0.37,3,0,3,0,0,0,0,0,0,0,1,1,0,0,0,0,0,0,0
Sport,292,Ricardo Ribeiro de Lima,ricardinho,Ricardinho,68832,12,4,7,0,3.65,0,1.9,9,0,4,0,1,0,0,0,0,0,14,22,0,0,5,1,0,1,0
Sport,292,Marcos Vinicius Serrato,marcos-serrato,Marcos Serrato,88307,12,4,6,0,3,0,0,0,0,0,0,0,0,0,0,0,0,0,0,0,0,0,0,0,0,0
Sport,292,Jair Ventura,jair-ventura,Jair Ventura,92180,12,6,7,0,6.67,0,2.98,6,0,0,0,0,0,0,0,0,0,0,0,0,0,0,0,0,0,0
Athlético-PR,293,Leonardo Cittadini,leo-cittadini,Léo Cittadini,70986,12,4,7,1.9,12.35,-0.74,3.59,9,0,13,0,1,0,0,0,0,0,17,35,0,0,1,12,1,0,0
Athlético-PR,293,Aderbar Melo dos Santos Neto,santos,Santos,69012,12,1,7,10.6,7.69,0.89,2.33,9,0,1,0,0,0,2,7,1,9,0,55,0,0,0,0,0,0,0
Athlético-PR,293,Renato Kayzer de Souza,renato-kayzer,Renato Kayzer,92696,12,5,7,0.4,5.32,0.24,4.92,6,0,15,0,1,0,0,0,0,0,13,24,0,0,4,7,3,3,0
Athlético-PR,293,Jorge de Moura Xavier,jorginho,Jorginho,77544,12,4,2,-0.3,9.53,-1.08,4.82,6,0,5,0,0,0,0,0,0,0,8,30,0,0,1,4,2,0,0
Athlético-PR,293,Wellington Aparecido Martins,wellington,Wellington,62129,12,4,2,-0.6,1.18,0.16,-1.43,7,0,20,0,4,0,0,0,0,0,4,30,0,0,1,1,0,0,0
Athlético-PR,293,Walter Henrique da Silva,walter,Walter,62128,12,5,6,0,3.64,0,0.55,2,0,1,0,0,0,0,0,0,0,1,1,0,0,1,0,0,0,0
Athlético-PR,293,Geuvânio Santos Silva,geuvanio,Geuvânio,73896,12,5,7,0,5.23,0,2.91,8,0,12,0,2,0,0,0,0,0,7,34,2,1,3,2,1,0,0
Athlético-PR,293,Luis Oscar González,lucho-gonzalez,Lucho González,71479,12,4,6,0,2.9,0,-0.23,4,0,3,0,1,0,0,0,0,0,0,12,0,1,0,1,0,0,0
Athlético-PR,293,Erick Luis Conrado de Carvalho,erick,Erick,98022,12,4,6,3.2,4.88,0.32,4.02,5,0,8,0,1,0,0,0,0,0,1,14,1,0,3,3,0,0,0
Athlético-PR,293,Jandrei Chitolina Carniel,jandrei,Jandrei,86508,12,1,6,0,10.29,0,8.2,1,0,0,0,0,0,1,1,0,0,0,8,0,0,0,0,0,0,0
Athlético-PR,293,Fernando Canesin Matos,fernando-canesin,Fernando Canesin,81585,12,4,6,0,1.44,0,-0.2,3,0,1,0,1,0,0,0,0,0,0,9,0,0,0,1,0,0,0
Athlético-PR,293,Guilherme Bissoli Campos,bissoli,Bissoli,100762,12,5,6,0,2.32,0,0.28,4,0,3,0,0,0,0,0,0,0,2,4,0,0,1,1,0,2,0
Athlético-PR,293,Pedro Gabriel Pereira Lopes,pedrinho,Pedrinho,100103,12,5,6,1.3,2.41,-0.08,0.85,6,0,6,0,0,0,0,0,0,0,3,12,0,1,1,2,0,0,0
Athlético-PR,293,Khellven Douglas Silva Oliveira,khellven,Khellven ,105175,12,2,6,0,4.13,0,0.67,6,0,10,0,2,0,1,0,0,0,1,43,0,0,0,1,0,0,0
Athlético-PR,293,Jonathan Cícero Moreira,jonathan,Jonathan,37662,12,2,6,3.3,9.54,-0.31,2.82,6,0,3,0,2,0,3,0,0,0,2,26,1,0,0,0,0,0,0
Athlético-PR,293,José Ivaldo Almeida Silva,ze-ivaldo,Zé Ivaldo,91866,12,3,7,0,6.96,0,5.6,1,0,0,0,0,0,1,0,0,0,0,4,0,0,0,0,0,0,0
Athlético-PR,293,Carlos Eduardo Ferreira de Souza,carlos-eduardo,Carlos Eduardo,90917,12,5,6,0.8,4.24,-0.29,1.68,7,0,5,0,0,0,0,0,0,0,4,11,0,0,0,3,1,0,0
Athlético-PR,293,Vitor Hugo Naum dos Santos,vitinho,Vitinho,101960,12,5,5,0,15.46,0,5.9,5,0,13,0,1,0,0,0,0,0,11,29,1,1,4,2,2,0,0
Athlético-PR,293,Márcio Gonzaga de Azevedo,marcio-azevedo,Márcio Azevedo,42491,12,2,6,0,3.41,0,-0.12,4,0,9,0,1,0,1,0,0,0,2,35,0,0,0,0,0,1,0
Athlético-PR,293,Lucas Halter,lucas-halter,Lucas Halter,102253,12,3,7,0,2.99,0,0.8,5,0,7,0,1,0,0,0,0,0,4,25,1,0,1,1,0,0,0
Athlético-PR,293,Felipe Aguilar Mendoza,aguilar,Aguilar,95494,12,3,7,0,6.4,0,2.63,3,0,1,1,1,0,1,0,0,0,2,6,0,0,1,1,0,0,0
Athlético-PR,293,Thiago Heleno Henrique Ferreira,thiago-heleno,Thiago Heleno,38394,12,3,3,5,5.98,-0.39,2.38,6,0,7,0,3,0,2,0,0,0,8,26,0,0,0,3,0,0,0
Athlético-PR,293,Anderson Silva da Paixão,anderson,Anderson,102906,12,1,6,0,2,0,0,0,0,0,0,0,0,0,0,0,0,0,0,0,0,0,0,0,0,0
Athlético-PR,293,Abner Vinícius da Silva Santos,abner-vinicius,Abner Vinícius,104513,12,2,7,12.3,11.25,1.3,4.5,9,0,10,0,0,0,3,0,0,0,5,68,1,0,3,4,1,0,0
Athlético-PR,293,Lucas Eduardo Ribeiro de Souza,edu,Edu,105842,12,3,6,0,2,0,0,0,0,0,0,0,0,0,0,0,0,0,0,0,0,0,0,0,0,0
Athlético-PR,293,Pedro Henrique de Oliveira Correia,pedrao,Pedrão,100322,12,3,6,0,3,0,0,0,0,0,0,0,0,0,0,0,0,0,0,0,0,0,0,0,0,0
Athlético-PR,293,Maycon Vinícius Ferreira da Cruz,nikao,Nikão,69705,12,4,5,0,9.63,0,0.92,6,0,7,0,0,0,0,0,0,0,11,37,0,1,2,6,0,2,1
Athlético-PR,293,Bento Matheus Krepski,bento,Bento,105208,12,1,6,0,1,0,0,0,0,0,0,0,0,0,0,0,0,0,0,0,0,0,0,0,0,0
Athlético-PR,293,Jair Diego Alves de Brito,jaja,Jajá,107195,12,5,6,0,1,0,0,0,0,0,0,0,0,0,0,0,0,0,0,0,0,0,0,0,0,0
Athlético-PR,293,Christian Roberto Alves Cardoso,christian,Christian,104502,12,4,7,4.3,1.16,0.39,-0.27,6,0,17,0,2,0,0,0,0,0,7,26,0,0,0,0,1,2,0
Athlético-PR,293,Luan Patrick Wiedthauper,luan-patrick,Luan Patrick,106835,12,3,6,0,2,0,0,0,0,0,0,0,0,0,0,0,0,0,0,0,0,0,0,0,0,0
Athlético-PR,293,Bruno da Silva Costa Leite,bruno-leite,Bruno Leite,102301,12,4,6,0,0.77,0,-0.6,1,0,0,0,0,0,0,0,0,0,0,1,0,0,0,0,0,1,0
Athlético-PR,293,Jaime Alberto Alvarado Hoyos,alvarado,Alvarado,107991,12,4,2,-1.5,3.43,-0.45,0.28,4,0,3,0,1,0,0,0,0,0,0,4,0,0,0,0,0,0,0
Athlético-PR,293,Fabio Augusto Luciano da Silva,fabinho,Fabinho,101729,12,5,6,5.1,2.9,-0.46,3.12,5,0,3,0,0,0,0,0,0,0,4,34,0,0,2,2,1,1,0
Athlético-PR,293,Leonardo Silva Gomes,leo-gomes,Léo Gomes,101585,12,4,6,0,1,0,0,0,0,0,0,0,0,0,0,0,0,0,0,0,0,0,0,0,0,0
Athlético-PR,293,Kawan Gabriel da Silva,kawan,Kawan,106219,12,4,6,0,0.72,0,-2.6,1,0,1,0,1,0,0,0,0,0,0,1,0,0,0,0,0,0,0
Athlético-PR,293,Pedro Henrique Ribeiro Gonçalves,pedro-henrique,Pedro Henrique,87225,12,3,6,8.3,5.4,0.77,3.2,5,0,2,0,1,0,2,0,0,0,2,20,0,0,0,0,0,0,0
Athlético-PR,293,Eduardo Maciel de Barros,eduardo-barros,Eduardo Barros,106612,12,6,7,4.98,8.19,0.26,2.97,5,0,0,0,0,0,0,0,0,0,0,0,0,0,0,0,0,0,0
Athlético-PR,293,Ravanelli Ferreira dos Santos,ravanelli,Ravanelli,92193,12,4,2,0.7,3.57,-0.06,3.17,3,0,2,0,0,0,0,0,0,0,2,1,0,0,0,2,1,0,0
Athlético-PR,293,Caio Alan Tem Catem Gonçalves,caio,Caio,99460,12,1,6,0,1,0,0,0,0,0,0,0,0,0,0,0,0,0,0,0,0,0,0,0,0,0
Athlético-PR,293,Richard Cândido Coelho,richard,Richard,86711,12,4,6,0,2.27,0,0.56,7,0,9,0,1,0,0,0,0,0,4,26,0,0,1,1,0,0,0
Coritiba,294,Matheus Bueno Batista,matheus-bueno,Matheus Bueno,101832,12,4,7,0.8,2.18,-0.57,1.37,11,0,13,0,1,0,0,0,0,0,12,38,0,0,3,1,0,0,0
Coritiba,294,Natanael Moreira Milouski,natanael,Natanael,107554,12,2,3,0.9,1.53,-0.94,1.98,6,0,7,0,0,1,1,0,0,0,7,27,0,0,0,2,0,0,0
Coritiba,294,Henrique Vermudt,henrique-vermudt,Henrique Vermudt,104504,12,4,6,0,2,0,0,0,0,0,0,0,0,0,0,0,0,0,0,0,0,0,0,0,0,0
Coritiba,294,Nathanael Ananias da Silva,nathan-silva,Nathan Silva,95794,12,4,6,0,2.39,0,-0.13,3,0,10,0,2,0,0,0,0,0,4,12,0,0,0,1,0,0,0
Coritiba,294,Alex Roberto Santana Rafael ,alex-muralha,Alex Muralha,79066,12,1,6,0,5,0,0,0,0,0,0,0,0,0,0,0,0,0,0,0,0,0,0,0,0,0
Coritiba,294,Matheus Galdezani,matheus-galdezani,Matheus Galdezani,82634,12,4,6,-0.2,10.43,-0.61,4.17,11,0,8,0,1,0,0,0,0,0,21,64,0,1,5,6,0,0,0
Coritiba,294,Wilson Rodrigues de Moura Júnior,wilson,Wilson,50284,12,1,7,-8.6,7.35,-3.58,3.52,12,0,0,0,0,0,3,15,1,16,2,98,0,0,0,0,0,0,0
Coritiba,294,Thiago Ferreira Lopes,thiago-lopes,Thiago Lopes,92225,12,4,6,-0.1,2.4,-0.32,1,2,0,2,0,0,0,0,0,0,0,0,6,0,0,0,2,0,0,0
Coritiba,294,Ricardo de Oliveira,ricardo-oliveira,Ricardo Oliveira,38910,12,5,6,0,8,0,0,0,0,0,0,0,0,0,0,0,0,0,0,0,0,0,0,0,0,0
Coritiba,294,Wellissol Santos de Oliveira ,wellissol,Wellissol ,94718,12,5,6,0,1.1,0,-0.07,4,0,5,0,2,0,0,0,0,0,7,3,0,0,0,0,0,0,0
Coritiba,294,Geovane Henrique Pereira de Souza,geovane,Geovane,96349,12,2,6,0,3,0,0,0,0,0,0,0,0,0,0,0,0,0,0,0,0,0,0,0,0,0
Coritiba,294,Rodolfo Filemon de Oliveira da Silva,rodolfo-filemon,Rodolfo Filemon,97925,12,3,7,-0.2,0.78,-0.66,-0.14,9,0,13,0,4,1,3,0,0,0,3,42,0,0,1,1,0,0,0
Coritiba,294,Ramón Martínez López,ramon-martinez,Ramón Martínez,92155,12,4,6,1.4,3.4,0.15,1.2,2,0,2,0,0,0,0,0,0,0,1,1,0,0,0,0,0,0,0
Coritiba,294,Nathan Otávio Ribeiro,nathan-ribeiro,Nathan Ribeiro,102607,12,3,5,0,3,0,0,0,0,0,0,0,0,0,0,0,0,0,0,0,0,0,0,0,0,0
Coritiba,294,José Sabino Chagas Monteiro,sabino,Sabino,104075,12,3,7,1.8,7.68,-0.47,4.29,12,0,4,1,0,0,3,0,0,0,11,71,0,1,0,2,3,1,0
Coritiba,294,Guilherme da Trindade Dubas,guilherme-biro,Guilherme Biro,107555,12,5,6,0,2,0,0,0,0,0,0,0,0,0,0,0,0,0,0,0,0,0,0,0,0,0
Coritiba,294,Hugo Moura Arruda da Silva,hugo-moura,Hugo Moura,101594,12,4,7,0,2.46,-0.42,0.97,6,0,8,0,1,0,0,0,0,0,7,21,0,0,0,3,0,0,0
Coritiba,294,Martín Nicolás Sarrafiore,sarrafiore,Sarrafiore,101315,12,4,6,1.7,2.63,0.68,0.85,4,0,4,0,1,0,0,0,0,0,4,18,0,0,1,5,0,0,0
Coritiba,294,Neilton Meira Mestzk,neilton,Neilton,83772,12,5,2,0,5.41,0,1.58,5,0,7,0,0,0,0,0,0,0,5,23,0,0,0,4,0,0,0
Coritiba,294,Yan Medeiros Sasse,yan-sasse,Yan Sasse,96055,12,4,6,0,0.86,0,-0.95,6,0,6,0,1,1,0,0,0,0,4,12,0,0,0,0,0,1,0
Coritiba,294,Christian Kendji Wagatsuma Ferreira,kazu,Kazu,107137,12,2,6,0,1,0,0,0,0,0,0,0,0,0,0,0,0,0,0,0,0,0,0,0,0,0
Coritiba,294,Diego Santos Monteiro,diego-monteiro,Diego Monteiro,107136,12,1,6,0,1,0,0,0,0,0,0,0,0,0,0,0,0,0,0,0,0,0,0,0,0,0
Coritiba,294,Nathan Uilian Fogaça,nathan,Nathan ,102667,12,5,6,-0.7,0.78,0.04,-0.35,2,0,0,0,0,0,0,0,0,0,0,2,0,0,0,0,0,1,0
Coritiba,294,Luiz Henrique Augustin ,luiz-henrique,Luiz Henrique,104526,12,4,6,0,1.46,0,0.58,6,0,4,0,0,0,0,0,0,0,2,13,0,0,0,1,0,0,0
Coritiba,294,Jonathan Francisco Lemos,jonathan,Jonathan,86713,12,2,7,0,4.24,0,2.76,8,0,6,0,1,0,2,0,0,0,5,39,0,0,1,1,0,1,0
Coritiba,294,Mattheus Andrade Gama de Oliveira,mattheus,Mattheus,79023,12,4,6,0,4,0,0,0,0,0,0,0,0,0,0,0,0,0,0,0,0,0,0,0,0,0
Coritiba,294,Pablo Thiago Ferreira Thomaz,pablo-thomaz,Pablo Thomaz,102797,12,5,7,0,1,0,0,0,0,0,0,0,0,0,0,0,0,0,0,0,0,0,0,0,0,0
Coritiba,294,Ezequiel Cerutti,cerutti,Cerutti,91502,12,5,6,0,8,0,0,0,0,0,0,0,0,0,0,0,0,0,0,0,0,0,0,0,0,0
Coritiba,294,Arthur Henrique Bittencourt,arthur,Arthur,101173,12,1,6,0,1,0,0,0,0,0,0,0,0,0,0,0,0,0,0,0,0,0,0,0,0,0
Coritiba,294,Jorge Amorim de Oliveira Campos,jorginho,Jorginho,70323,12,6,7,0.49,7.31,-0.74,3.34,7,0,0,0,0,0,0,0,0,0,0,0,0,0,0,0,0,0,0
Coritiba,294,Rafael da Silva Francisco,rafinha,Rafinha,38421,12,4,5,0,7,0,0,0,0,0,0,0,0,0,0,0,0,0,0,0,0,0,0,0,0,0
Coritiba,294,Giovanni Augusto Oliveira Cardoso,giovanni-augusto,Giovanni Augusto,68938,12,4,2,2.8,5.18,-0.08,1.69,7,0,3,0,0,0,0,0,0,0,15,22,0,0,0,0,0,0,0
Coritiba,294,William Matheus da Silva,william-matheus,William Matheus,62130,12,2,7,-0.8,4.95,-0.76,2.94,12,0,13,0,1,0,3,0,0,0,15,110,2,0,1,2,1,5,0
Coritiba,294,Renê dos Santos Júnior,rene-junior,Renê Júnior,73281,12,4,6,0,1.6,0,-0.7,3,0,5,0,0,1,0,0,0,0,2,4,0,0,0,1,0,0,0
Coritiba,294,Luiz Rhodolfo Dini Gaioto,rhodolfo,Rhodolfo,42501,12,3,5,0,4.64,0,1.92,6,0,2,0,0,0,1,0,0,0,3,30,0,0,0,0,0,0,0
Coritiba,294,Patrick de Oliveira Vieira,patrick-vieira,Patrick Vieira,78635,12,2,6,0,4.64,0,1.55,4,0,5,0,1,0,1,0,0,0,3,35,0,0,2,1,0,1,0
Coritiba,294,Wanderley Monteiro dos Santos Júnior,wanderley,Wanderley,38449,12,5,6,0,3.26,0,0.5,1,0,0,0,0,0,0,0,0,0,1,0,0,0,0,0,0,0,0
Coritiba,294,Gabriel Santana Pinto,gabriel,Gabriel,73515,12,4,6,0.7,4.15,0.24,0.73,3,0,1,0,0,0,0,0,0,0,3,8,0,0,0,0,0,0,0
Coritiba,294,Matheus de Sales Cabral,matheus-sales,Matheus Sales,89285,12,4,7,0.8,4.08,-0.21,2.12,8,0,9,0,0,0,0,0,0,0,13,28,0,0,0,1,0,0,0
Coritiba,294,Robson dos Santos Fernandes,robson,Robson,84817,12,5,7,5.1,8.88,-0.58,4.83,12,0,18,0,1,0,0,0,0,0,27,51,0,4,3,15,3,8,0
Ceará,354,Gabriel Santos Cordeiro Lacerda,gabriel-lacerda,Gabriel Lacerda,108176,12,3,6,-0.1,3.37,-0.01,3.01,8,0,3,0,0,0,3,0,0,0,3,32,1,0,1,0,0,0,0
Ceará,354,Fernando Buttenbender Prass,fernando-prass,Fernando Prass,38140,12,1,7,11.7,7.67,2.58,4.02,12,0,0,0,1,0,4,19,0,18,0,98,0,0,0,0,0,0,0
Ceará,354,Rodrigo Gomes dos Santos,rodrigao,Rodrigão,90651,12,5,6,0,6,0,0,0,0,0,0,0,0,0,0,0,0,0,0,0,0,0,0,0,0,0
Ceará,354,Augusto Sérgio Ferreira,guto-ferreira,Guto Ferreira,37245,12,6,7,4.43,8.85,0.41,3.77,12,0,0,0,0,0,0,0,0,0,0,0,0,0,0,0,0,0,0
Ceará,354,Samuel Xavier Brito,samuel-xavier,Samuel Xavier,73384,12,2,6,6,6.79,0.49,3.09,11,0,19,0,2,1,4,0,0,0,19,118,2,0,1,2,0,0,0
Ceará,354,Eduardo Schroeder Brock,eduardo-brock,Eduardo Brock,78654,12,3,7,0,3,0,0,0,0,0,0,0,0,0,0,0,0,0,0,0,0,0,0,0,0,0
Ceará,354,Ricardo Dias Acosta,ricardinho,Ricardinho,78577,12,4,6,0.5,2.52,0.05,0.17,6,0,3,0,1,0,0,0,0,0,0,37,0,0,1,0,0,0,0
Ceará,354,Tiago Pagnussat,tiago,Tiago ,79042,12,3,7,-3.1,5.42,-1.89,3.26,7,0,7,0,2,0,3,0,0,0,7,40,0,0,0,1,0,2,0
Ceará,354,Richard de Oliveira da Costa,richard,Richard,78851,12,1,6,0,4,0,0,0,0,0,0,0,0,0,0,0,0,0,0,0,0,0,0,0,0,0
Ceará,354,Fábio Gonçalves,fabinho,Fabinho,80393,12,4,7,0,3.38,0,1.66,8,0,4,0,2,0,0,0,0,0,6,19,0,0,1,0,0,0,0
Ceará,354,Fernando Pereira do Nascimento,fernando-sobral,Fernando Sobral,84428,12,4,6,7.5,13.41,1.12,5.47,12,0,22,0,2,0,0,0,0,0,30,69,3,1,8,8,0,5,0
Ceará,354,Leandro Carvalho da Silva,leandro-carvalho,Leandro Carvalho,88669,12,5,7,0,5.9,0,1.99,8,0,6,0,2,1,0,0,0,0,14,42,1,0,3,5,0,1,0
Ceará,354,Bruno de Jesus Pacheco,bruno-pacheco,Bruno Pacheco,90061,12,2,6,7.6,8.81,0.8,3.81,10,0,16,0,0,1,4,0,0,0,14,79,2,0,0,0,0,0,0
Ceará,354,Rafael Augusto Sobis do Nascimento,rafael-sobis,Rafael Sobis,37798,12,5,6,1.3,6.37,-0.03,1.43,10,0,3,0,0,0,0,0,0,0,1,21,0,2,2,8,0,1,0
Ceará,354,Carlos Eduardo Santos Oliveira,eduardo,Eduardo,50645,12,2,7,-2,2.96,-0.69,0.93,3,0,2,0,1,0,0,0,0,0,2,22,0,0,0,0,0,0,0
Ceará,354,Willian Klaus,klaus,Klaus,90846,12,3,5,0,4.13,0,-0.3,1,0,1,0,0,0,0,0,0,0,1,3,0,0,0,0,0,0,0
Ceará,354,Vinicius Moreira de Lima,lima,Lima,96340,12,4,7,0,4.83,0,1.63,8,0,6,0,3,0,0,0,0,0,11,23,0,0,2,0,1,1,0
Ceará,354,William Oliveira dos Santos,william-oliveira,William Oliveira,94297,12,4,5,0,2.05,0,0.43,6,0,8,0,3,0,0,0,0,0,8,8,0,0,0,3,0,0,0
Ceará,354,Bergson Gustavo Silveira da Silva,bergson,Bergson,68696,12,5,6,0,1.92,0,0.45,4,0,2,0,0,0,0,0,0,0,2,0,0,0,0,1,0,0,0
Ceará,354,Wescley Gomes dos Santos,wescley,Wescley,70925,12,4,6,-0.5,2.66,-1.4,2.03,4,0,6,0,0,0,0,0,0,0,1,2,0,0,0,1,1,0,0
Ceará,354,Vinícius Goes Barbosa de Souza,vinicius,Vinícius,71162,12,4,6,7.9,10,0.45,6.26,9,0,7,0,1,0,0,0,0,0,5,84,2,1,8,12,4,3,0
Ceará,354,Felipe de Oliveira Silva,felipe-baxola,Felipe Baxola,71113,12,4,6,-1,3.23,-0.31,-0.12,4,0,0,0,0,0,0,0,0,0,0,8,0,0,0,1,0,1,0
Ceará,354,Charles Rigon Mattos,charles,Charles,96342,12,4,7,10.4,8.27,2.21,3.57,12,0,22,0,2,0,0,0,0,0,8,56,1,0,1,4,2,0,0
Ceará,354,Alyson Vinícius Almeida Neves,alyson,Alyson,102330,12,2,7,0,1.88,0,-0.8,2,0,6,0,1,0,0,0,0,0,2,24,0,0,0,1,0,2,0
Ceará,354,Diogo José Gonçalves da Silva,diogo-silva,Diogo Silva,71882,12,1,6,0,4,0,0,0,0,0,0,0,0,0,0,0,0,0,0,0,0,0,0,0,0,0
Ceará,354,Luiz Otávio Anacleto Leandro,luiz-otavio,Luiz Otávio,72359,12,3,6,3.3,4.86,1,2.25,10,0,13,0,4,0,3,0,0,0,1,33,0,0,0,1,1,0,0
Ceará,354,Rick Jhonatan Lima Morais,rick,Rick,104459,12,5,6,0,0.77,0,-0.43,3,0,3,0,0,0,0,0,0,0,1,3,0,0,0,0,0,0,0
Ceará,354,Cléber Bomfim de Jesus,cleber,Cléber,104125,12,5,7,-1.7,10.54,-1.05,3.44,12,0,21,0,0,0,0,0,0,0,11,37,0,0,6,11,3,6,0
Ceará,354,Mateus Gonçalves Martins,mateus-goncalves,Mateus Gonçalves,103076,12,5,7,-0.1,7.33,-0.27,2.24,11,0,4,0,0,0,0,0,0,0,2,30,0,0,4,6,1,2,0
Ceará,354,Pedro Henrique Naressi Machado,pedro-naressi,Pedro Naressi,98529,12,4,6,0,1,0,0,0,0,0,0,0,0,0,0,0,0,0,0,0,0,0,0,0,0,0
Ceará,354,Francisco Vítor Silva Costa,victor-jacare,Victor Jacaré,101201,12,5,6,0,7.41,0,2.6,4,0,5,0,0,0,0,0,0,0,7,13,0,0,0,4,1,1,0
Ceará,354,Marthã Fernando Gonçalves Pimenta,martha,Marthã,107400,12,4,6,1,0.83,0.07,-0.47,3,0,2,0,1,0,0,0,0,0,2,4,0,0,0,0,0,0,0
Ceará,354,Leonardo Alves Chú Franco,leo-chu,Léo Chú,106820,12,5,6,0,2,0,0,0,0,0,0,0,0,0,0,0,0,0,0,0,0,0,0,0,0,0
Ceará,354,Kelvyn Ramos da Fonseca,kelvyn,Kelvyn,102464,12,2,6,0,1,0,0,0,0,0,0,0,0,0,0,0,0,0,0,0,0,0,0,0,0,0
Ceará,354,Vitor João Batista Santos,vitao,Vitão,109318,12,3,6,0,1,0,0,0,0,0,0,0,0,0,0,0,0,0,0,0,0,0,0,0,0,0
Ceará,354,Saulo Rodrigues da Silva,saulo-mineiro,Saulo Mineiro,98274,12,5,6,0,3,0,0,0,0,0,0,0,0,0,0,0,0,0,0,0,0,0,0,0,0,0
Fortaleza,356,Felipe Alves Raymundo,felipe-alves,Felipe Alves,72372,12,1,7,1.1,3.43,-0.32,1.86,12,0,0,0,0,0,4,8,0,10,3,132,0,0,0,0,0,0,0
Fortaleza,356,Rogério Ceni,rogerio-ceni,Rogério Ceni,97341,12,6,7,2.71,6.97,-0.06,2.89,12,0,0,0,0,0,0,0,0,0,0,0,0,0,0,0,0,0,0
Fortaleza,356,Yuri César Santos de Oliveira Silva,yuri-cesar,Yuri César ,103446,12,5,6,3.1,5.04,0.56,2.54,11,0,12,0,0,0,0,0,0,0,11,17,1,0,3,7,1,2,0
Fortaleza,356,Wellington Pereira do Nascimento,wellington-paulista,Wellington Paulista,38279,12,5,7,-0.5,7.61,-0.17,3.37,12,0,15,0,0,0,0,0,0,0,12,25,1,0,4,2,4,4,0
Fortaleza,356,Paulo Marcos de Jesus Ribeiro,paulao,Paulão,63172,12,3,7,0.6,2.79,-0.85,1.9,12,0,15,0,2,0,4,0,0,0,2,35,0,0,0,1,0,2,0
Fortaleza,356,Osvaldo Lourenço Filho,osvaldo,Osvaldo,42222,12,5,7,4,6.19,0.52,2.48,12,0,7,0,2,0,0,0,0,0,8,62,1,1,4,7,1,2,0
Fortaleza,356,Roger de Carvalho,roger-carvalho,Roger Carvalho,51415,12,3,6,0,4,0,0,0,0,0,0,0,0,0,0,0,0,0,0,0,0,0,0,0,0,0
Fortaleza,356,Marcelo Boeck,marcelo-boeck,Marcelo Boeck,37788,12,1,6,0,4,0,0,0,0,0,0,0,0,0,0,0,0,0,0,0,0,0,0,0,0,0
Fortaleza,356,Jackson de Souza,jackson,Jackson,70934,12,3,7,-0.7,3.26,-1.02,1.91,7,0,6,0,2,0,2,0,0,0,7,19,0,0,0,1,0,0,0
Fortaleza,356,Carlos Emiliano Pereira,carlinhos,Carlinhos,63194,12,2,7,0.4,5.92,-0.82,2.77,7,0,12,0,1,0,3,0,0,0,6,49,0,0,0,1,0,1,0
Fortaleza,356,Wanderley de Jesus Sousa,derley,Derley,60791,12,4,6,0,2.82,0,-0.35,2,0,1,0,1,0,0,0,0,0,0,0,0,0,0,1,0,0,0
Fortaleza,356,Paulo Roberto Valoura Júnior,juninho,Juninho,71937,12,4,7,9.6,5.01,2.56,2.58,11,0,21,0,4,0,0,0,0,0,16,96,2,0,1,9,1,0,0
Fortaleza,356,Éderson Alves Ribeiro Silva,ederson,Éderson,73446,12,5,6,0,2.59,0,-0.8,2,0,2,0,0,0,0,0,0,0,0,1,0,0,0,0,0,1,0
Fortaleza,356,Luis Otavio Bonilha de Oliveira Santos,nene-bonilha,Nenê Bonilha,73608,12,4,6,0,3,0,0,0,0,0,0,0,0,0,0,0,0,0,0,0,0,0,0,0,0,0
Fortaleza,356,Bruno Ferreira Melo,bruno-melo,Bruno Melo,84339,12,2,5,0,3.92,0,2.15,8,0,11,0,2,0,2,0,0,0,4,35,0,0,2,1,1,2,0
Fortaleza,356,Max Walef Araújo da Silva,max-walef,Max Walef,84338,12,1,6,0,2,0,0,0,0,0,0,0,0,0,0,0,0,0,0,0,0,0,0,0,0,0
Fortaleza,356,José Romário Silva de Souza,romarinho,Romarinho,84523,12,5,7,-1.9,7.93,-0.79,3.1,12,0,6,0,2,0,0,0,0,0,23,46,0,0,4,10,2,1,0
Fortaleza,356,Marlon Adriano Prezotti,marlon,Marlon,88427,12,4,6,-0.2,2.63,-0.6,0.73,7,0,10,0,0,0,0,0,0,0,1,10,0,0,0,2,0,0,0
Fortaleza,356,Tiago Pereira da Silva,tiago-orobo,Tiago Orobó,87477,12,5,6,0,1.7,0,0.4,5,0,4,0,0,0,0,0,0,0,0,8,0,0,1,2,0,0,0
Fortaleza,356,Gabriel Dias de Oliveira,gabriel-dias,Gabriel Dias,88368,12,2,6,11.8,8.53,2.77,3.36,10,0,8,0,0,1,3,0,0,0,8,29,1,0,1,1,1,1,0
Fortaleza,356,David Correa da Fonseca,david,David,90309,12,5,7,0.4,2.92,0.07,0.6,12,0,28,0,2,0,0,0,0,0,13,41,1,0,0,9,0,5,0
Fortaleza,356,Juan Sebastián Quintero Fletcher,quintero,Quintero,96382,12,3,6,0,2.72,0,1.6,9,0,6,0,2,1,4,0,0,0,3,17,0,0,0,2,0,0,0
Fortaleza,356,Luiz Antonio Ferreira Rodrigues,felipe,Felipe,91733,12,4,7,1.4,5.37,-1.16,2.76,11,0,16,0,3,0,0,0,0,0,22,52,0,0,1,3,1,0,0
Fortaleza,356,Mariano Vázquez,mariano-vazquez,Mariano Vázquez,98760,12,4,6,0,1.19,0,-0.66,5,0,4,0,1,0,0,0,0,0,2,3,0,0,0,0,0,0,0
Fortaleza,356,Francisco Rodrigo de Sousa Barbosa,diguinho,Diguinho,105282,12,3,6,0,2,0,0,0,0,0,0,0,0,0,0,0,0,0,0,0,0,0,0,0,0,0
Fortaleza,356,Luiz Henrique Araújo Silva,luiz-henrique,Luiz Henrique,101595,12,4,6,0,1.66,0,0.5,1,0,1,0,0,0,0,0,0,0,0,0,0,0,0,0,0,0,0
Fortaleza,356,Ronald dos Santos Lopes,ronald,Ronald,100969,12,4,6,0.9,2.24,-0.16,1.5,6,0,5,0,1,0,0,0,0,0,6,7,0,0,1,0,0,0,0
Fortaleza,356,Guilherme de Jesus da Silva,tinga,Tinga,82628,12,2,7,0,6.93,0,4.74,5,0,3,0,0,0,2,0,0,0,3,63,1,1,0,0,0,0,0
Fortaleza,356,Franco Rodrigo Fragapane,fragapane,Fragapane,79262,12,5,6,-0.2,1.6,-0.38,0.38,7,0,2,0,0,0,0,0,0,0,3,13,0,0,0,0,0,1,0
Fortaleza,356,Geilson Cerqueira Almeida,geilson,Geilson,107882,12,4,6,0,1,0,0,0,0,0,0,0,0,0,0,0,0,0,0,0,0,0,0,0,0,0
Atlético-GO,373,Francisco Hyun Sol Kim,chico,Chico,82407,12,5,7,-0.4,3.37,-0.14,2.16,9,0,9,0,1,0,0,0,0,0,9,42,2,1,2,4,0,0,0
Atlético-GO,373,Edson Felipe da Cruz,edson,Edson ,80370,12,4,7,5.4,9.47,0.82,4.75,11,0,24,0,2,0,0,0,0,0,27,27,1,0,2,4,1,0,0
Atlético-GO,373,Matheus de Vargas,matheus-vargas,Matheus Vargas,87929,12,4,6,-0.3,2.43,-0.04,0.56,7,0,5,0,0,0,0,0,0,0,6,16,0,0,1,1,0,0,0
Atlético-GO,373,Gustavo Henrique Ferrareis,gustavo-ferrareis,Gustavo Ferrareis,89815,12,4,7,0,8.78,-1.3,3.6,10,0,21,0,1,0,0,0,0,0,19,50,1,0,3,8,2,2,0
Atlético-GO,373,Vagner Carmo Mancini,vagner-mancini,Vagner Mancini,39850,12,6,7,2.41,6.65,-0.11,3.45,11,0,0,0,0,0,0,0,0,0,0,0,0,0,0,0,0,0,0
Atlético-GO,373,Gilvan Souza Correa,gilvan,Gilvan,82773,12,3,6,2,5.7,-0.92,3.22,8,0,12,0,2,0,2,0,0,0,6,11,0,0,0,1,1,0,0
Atlético-GO,373,Hyuri Henrique de Oliveira Costa,hyuri,Hyuri,82758,12,5,2,11.9,8.14,2.61,2.21,10,0,11,0,1,0,0,0,0,0,3,11,0,0,1,5,2,4,0
Atlético-GO,373,Jean Paulo Fernandes Filho,jean,Jean,90933,12,1,7,1.8,8.02,0.56,3.42,11,0,1,0,1,0,2,15,0,16,1,75,0,0,1,0,1,0,0
Atlético-GO,373,Éder Ferreira Graminho,eder,Éder ,91203,12,3,2,0,3.21,0,0.9,10,0,9,0,1,0,2,0,0,0,8,46,0,0,1,0,0,0,0
Atlético-GO,373,José Brandão Gonçalves Júnior,junior-brandao,Júnior Brandão,93909,12,5,6,1.3,2.46,-0.04,0.9,4,0,3,0,0,0,0,0,0,0,0,5,0,0,1,3,0,0,0
Atlético-GO,373,Edson Fernandes Botelho Júnior,edson-junior,Edson Júnior,93956,12,5,6,0,1,0,0,0,0,0,0,0,0,0,0,0,0,0,0,0,0,0,0,0,0,0
Atlético-GO,373,Marlon Rodrigues Freitas,marlon-freitas,Marlon Freitas,93790,12,4,7,-1,4.94,-0.51,1.62,8,0,13,0,0,1,0,0,0,0,7,56,0,0,4,6,0,0,0
Atlético-GO,373,Nicolas Vichiatto da Silva,nicolas,Nicolas,95127,12,2,7,-0.2,6.72,-0.52,3.07,11,0,10,0,0,0,2,0,0,0,6,123,1,0,5,7,0,1,0
Atlético-GO,373,Matheus Cotulio Bossa,matheuzinho,Matheuzinho,78424,12,4,6,2.5,4.89,0.42,2.18,9,0,4,0,0,0,0,0,0,0,6,29,1,1,1,6,0,1,0
Atlético-GO,373,Lucas da Cruz Oliveira,oliveira,Oliveira,94514,12,3,2,-1.1,2.58,-1.64,2.52,5,0,5,0,0,0,1,0,0,0,3,24,0,0,0,0,1,0,0
Atlético-GO,373,Maurício Kozlinski,mauricio-kozlinski,Maurício Kozlinski,72595,12,1,6,0,4,0,0,0,0,0,0,0,0,0,0,0,0,0,0,0,0,0,0,0,0,0
Atlético-GO,373,Henry Vaca Urquiza,henry-vaca,Henry Vaca,98992,12,4,6,0,2.38,0,0.3,1,0,1,0,0,0,0,0,0,0,0,0,0,0,0,1,0,0,0
Atlético-GO,373,Luís Eduardo Marques dos Santos,dudu,Dudu,97133,12,2,7,-1.7,3.32,-0.61,1.99,10,0,12,0,1,1,2,0,0,0,8,79,0,0,1,2,0,0,0
Atlético-GO,373,Willian Marlon Ferreira Moraes,willian-maranhao,Willian Maranhão,87262,12,4,6,0,3.05,0,1,3,0,0,0,0,0,0,0,0,0,1,10,0,0,0,0,0,1,0
Atlético-GO,373,Ricardo Santos Silva,ricardo,Ricardo,105519,12,4,6,0,2,0,0,0,0,0,0,0,0,0,0,0,0,0,0,0,0,0,0,0,0,0
Atlético-GO,373,Michel Custódio Gonçalves de Sousa,michel,Michel,105809,12,3,6,0,1,0,0,0,0,0,0,0,0,0,0,0,0,0,0,0,0,0,0,0,0,0
Atlético-GO,373,Lucas Pereira Ribeiro de Souza,lucas-pereira,Lucas Pereira,100100,12,1,6,0,2,0,0,0,0,0,0,0,0,0,0,0,0,0,0,0,0,0,0,0,0,0
Atlético-GO,373,João Victor da Silva Marcelino,joao-victor,João Victor,104250,12,3,7,-1.1,1.79,-0.5,1.1,7,0,8,0,2,0,1,0,0,0,3,28,0,0,0,0,0,0,0
Atlético-GO,373,Odair Marciano de Oliveira Filho,odair,Odair,108745,12,3,6,0,2,0,0,0,0,0,0,0,0,0,0,0,0,0,0,0,0,0,0,0,0,0
Atlético-GO,373,Vitor Benedito Leque da Silva,vitor,Vitor,108714,12,5,6,0,1.26,0,1.7,1,0,1,0,0,0,0,0,0,0,0,0,0,0,1,0,0,0,0
Atlético-GO,373,Matheus Henrique Frizzo,matheus-frizzo,Matheus Frizzo,106628,12,4,6,0,1.23,0,-0.43,3,0,3,0,1,0,0,0,0,0,1,3,0,0,0,0,0,0,0
Atlético-GO,373,Luan Sales do Nascimento,luan-sales,Luan Sales,105521,12,2,6,0,1,0,0,0,0,0,0,0,0,0,0,0,0,0,0,0,0,0,0,0,0,0
Atlético-GO,373,Danilo Alves da Silva,danilo,Danilo,107981,12,3,6,0,1,0,0,0,0,0,0,0,0,0,0,0,0,0,0,0,0,0,0,0,0,0
Atlético-GO,373,Natanael Batista Pimenta,natanael,Natanael,86264,12,2,6,-0.5,3.01,-0.99,-0.5,1,0,1,0,0,0,0,0,0,0,1,10,0,0,0,0,0,1,0
Atlético-GO,373,Everton Felipe de Oliveira Silva,everton-felipe,Everton Felipe,86519,12,4,6,0,4.7,0,1.49,10,0,2,0,1,0,0,0,0,0,17,74,1,0,1,2,0,0,0
Atlético-GO,373,Arnaldo Manoel de Almeida,arnaldo,Arnaldo,78497,12,2,6,0,4,0,0,0,0,0,0,0,0,0,0,0,0,0,0,0,0,0,0,0,0,0
Atlético-GO,373,Gabriel Bernard Conceição da Silva,gabriel-bernard,Gabriel Bernard,109618,12,1,6,0,1,0,0,0,0,0,0,0,0,0,0,0,0,0,0,0,0,0,0,0,0,0
Atlético-GO,373,José Roberto Assunção de Araújo Filho,ze-roberto,Zé Roberto,80076,12,5,2,0,5,0,0,0,0,0,0,0,0,0,0,0,0,0,0,0,0,0,0,0,0,0
Atlético-GO,373,Janderson Santos de Souza,janderson,Janderson,97245,12,5,7,7.9,5.69,0.42,3.05,8,0,6,0,0,0,0,0,0,0,9,51,2,0,4,4,0,0,0
