clube_id,nome,slug,apelido,atleta_id,rodada_id,posicao_id,status_id,pontos_num,preco_num,variacao_num,media_num,jogos_num,RB,FC,GC,CA,CV,SG,DD,DP,GS,FS,PI,A,FT,FD,FF,G,I,PP
285,Abel Carlos da Silva Braga,abel-braga,Abel Braga,40006,22,6,7,1.85,10.08,-0.49,1.72,2,0,0,0,0,0,0,0,0,0,0,0,0,0,0,0,0,0,0
285,Edenílson Andrade Dos Santos,edenilson,Edenílson,63289,22,4,6,2.3,8.3,0.4,2.36,20,0,32,0,4,0,0,0,0,0,22,147,3,0,5,11,2,2,0
285,Andrés Nicolas D'Alessandro,d-alessandro,D'Alessandro,62023,22,4,7,-0.4,2.53,-0.09,0.09,17,0,4,0,3,0,0,0,0,0,10,62,0,0,4,3,0,3,0
285,Marcelo Lomba do Nascimento,marcelo-lomba,Marcelo Lomba,68872,22,1,7,-4.8,7.86,-1.49,0.8,22,0,0,0,2,0,8,12,0,22,3,249,0,0,0,0,0,0,0
285,Rodrigo Modesto da Silva Moledo,rodrigo-moledo,Rodrigo Moledo,63354,22,3,6,0,7.07,0,3.54,13,0,6,0,2,0,5,0,0,0,13,22,0,0,0,1,1,0,0
285,Víctor Leandro Cuesta,victor-cuesta,Víctor Cuesta,79113,22,3,7,3.2,10.36,0.51,2.19,20,0,31,0,7,0,8,0,0,0,21,144,0,0,2,0,0,0,0
285,Danilo Fernandes Batista,danilo-fernandes,Danilo Fernandes,69051,22,1,6,0,4.27,0,-2,0,0,0,0,1,0,0,0,0,0,0,0,0,0,0,0,0,0,0
285,Marcos Guilherme de Almeida Santos Matos,marcos-guilherme,Marcos Guilherme ,83266,22,4,6,0.4,2.91,0.28,0.46,19,0,20,0,1,0,0,0,0,0,8,41,0,1,3,6,0,5,0
285,Patrick Bezerra do Nascimento,patrick,Patrick,83433,22,4,7,0,12.71,0,5.14,18,0,27,0,1,0,0,0,0,0,33,89,2,3,6,8,3,2,0
285,Uendel Pereira Gonçalves,uendel,Uendel,60852,22,2,7,-4.7,2.55,-1,0.98,9,0,16,0,1,0,2,0,0,0,4,92,0,0,0,0,0,0,0
285,Gabriel Boschilia,boschilia,Boschilia,86841,22,4,5,0,8.45,0,3.81,13,0,24,0,2,0,0,0,0,0,14,92,1,0,9,5,1,0,0
285,Leandro Miguel Fernández,leandro-fernandez,Leandro Fernández,93303,22,5,6,0,6.42,0,1.92,4,0,5,0,1,0,0,0,0,0,5,22,1,0,3,6,0,3,0
285,João Gabriel Martins Peglow,peglow,Peglow,106821,22,4,6,0,1.74,0,0.82,5,0,5,0,0,0,0,0,0,0,1,12,1,0,0,1,0,1,0
285,Moisés Roberto Barbosa,moises,Moisés,90444,22,2,5,0,10.51,0,3.39,14,0,31,0,1,0,6,0,0,0,4,141,2,0,1,5,0,2,0
285,Thiago Galhardo do Nascimento Rocha,thiago-galhardo,Thiago Galhardo,71844,22,4,7,-0.6,18.22,-0.86,8.57,20,0,20,0,1,1,0,0,0,0,30,97,5,0,12,17,15,12,0
285,Rodrigo Oliveira Lindoso,rodrigo-lindoso,Rodrigo Lindoso,72362,22,4,7,0,4.49,0,1.01,17,0,33,0,3,0,0,0,0,0,11,66,1,0,2,2,0,0,0
285,Damián Marcelo Musto,musto,Musto,94838,22,4,6,0,4.89,0,1.51,12,0,18,0,2,1,0,0,0,0,12,25,0,0,0,2,1,0,0
285,Matheus Isaías dos Santos,matheus-jussa,Matheus Jussa,91689,22,3,6,0,2.32,0,0.9,2,0,5,0,2,0,1,0,0,0,1,12,0,0,0,0,0,0,0
285,Emerson Fabiano Kerber Júnior,emerson-junior,Emerson Júnior,107740,22,1,6,0,1,0,0,0,0,0,0,0,0,0,0,0,0,0,0,0,0,0,0,0,0,0
285,Bruno Conceição Praxedes,praxedes,Praxedes,107744,22,4,6,0,0.78,0,-0.29,8,0,10,0,3,0,0,0,0,0,4,42,0,0,0,3,0,1,0
285,Tiago Barbosa Figueiredo,tiago-barbosa,Tiago Barbosa,107742,22,3,6,0,2,0,0,0,0,0,0,0,0,0,0,0,0,0,0,0,0,0,0,0,0,0
285,Lucas Henrique Mazetti,mazetti,Mazetti,107741,22,2,6,0,1,0,0,0,0,0,0,0,0,0,0,0,0,0,0,0,0,0,0,0,0,0
285,Carlos Eduardo da Silva Rodrigues Lima,carlos-eduardo,Carlos Eduardo,107756,22,3,6,0,1,0,0,0,0,0,0,0,0,0,0,0,0,0,0,0,0,0,0,0,0,0
285,Leonardo Ferreira Gonçalves,leo-ferreira,Léo Ferreira,107760,22,5,6,0,1.45,0,1.5,1,0,1,0,0,0,0,0,0,0,1,4,0,0,0,3,0,1,0
285,Caio Vidal Rocha,caio,Caio,107745,22,5,6,3,2.19,1.19,3,1,0,2,0,0,0,0,0,0,0,6,10,0,0,0,0,0,0,0
285,Nicolas Miguel Morsch,nicolas,Nicolas,107752,22,4,6,0,1,0,0,0,0,0,0,0,0,0,0,0,0,0,0,0,0,0,0,0,0,0
285,Murilo Gomes Barreto Neto,murilo,Murilo,107755,22,4,6,0,1,0,0,0,0,0,0,0,0,0,0,0,0,0,0,0,0,0,0,0,0,0
285,Andrés Felipe Amaya Rivera,amaya,Amaya,109656,22,5,6,0,1,0,0,0,0,0,0,0,0,0,0,0,0,0,0,0,0,0,0,0,0,0
285,Gustavo Nonato Santana,nonato,Nonato,100987,22,4,3,-2.1,4.19,-2.44,3.78,6,0,11,0,3,0,0,0,0,0,12,18,0,0,1,1,1,0,0
285,Vinicius Augusto Tobias da Silva,vinicius-tobias,Vinicius Tobias,110688,22,2,6,0,1,0,0,0,0,0,0,0,0,0,0,0,0,0,0,0,0,0,0,0,0,0
285,Vinicius Silveira de Mello,vinicius-silveira,Vinicius Silveira,110687,22,5,6,0,1,0,0,0,0,0,0,0,0,0,0,0,0,0,0,0,0,0,0,0,0,0
285,Maximiliano Ezequiel Zalazar,maxi-salazar,Maxi Salazar,110689,22,5,6,0,1,0,0,0,0,0,0,0,0,0,0,0,0,0,0,0,0,0,0,0,0,0
285,João Victor Tavares de Souza,joao-tavares,João Tavares,110690,22,5,6,0,1,0,0,0,0,0,0,0,0,0,0,0,0,0,0,0,0,0,0,0,0,0
285,Lucas Ribeiro dos Santos,lucas-ribeiro,Lucas Ribeiro,103088,22,3,6,0,4,0,0,0,0,0,0,0,0,0,0,0,0,0,0,0,0,0,0,0,0,0
285,Heitor Rodrigues da Fonseca,heitor,Heitor,104649,22,2,2,0,4.25,0,4.53,7,0,10,0,3,1,1,0,0,0,8,45,4,0,2,1,0,0,0
285,Maurício Magalhães Prado,mauricio,Maurício,105647,22,4,7,10.3,6.93,2.92,5.3,2,0,2,0,0,0,0,0,0,0,3,11,0,0,1,0,1,0,0
285,José Gabriel dos Santos Silva,ze-gabriel,Zé Gabriel,105902,22,4,7,2.3,3.01,-0.03,1.58,18,0,18,0,1,1,0,0,0,0,15,87,0,0,0,2,0,0,0
285,Lucas de Ramos Silveira,lucas-ramos,Lucas Ramos,106000,22,4,6,0,1,0,0,0,0,0,0,0,0,0,0,0,0,0,0,0,0,0,0,0,0,0
285,João Lucas Souza Cardoso,johnny,Johnny ,106002,22,4,7,4,2.92,0.28,2.68,6,0,2,0,0,0,0,0,0,0,5,22,0,0,1,2,0,0,0
285,Pedro Henrique Alves Santana,pedro-henrique,Pedro Henrique,105840,22,3,6,0,0.77,0,-1,1,0,2,0,1,0,0,0,0,0,1,7,0,0,1,0,0,0,0
285,Leonardo Borges da Silva,leonardo-borges,Leonardo Borges,105839,22,2,6,0,1,0,0,0,0,0,0,0,0,0,0,0,0,0,0,0,0,0,0,0,0,0
285,José Paolo Guerrero Gonzales,paolo-guerrero,Paolo Guerrero,75295,22,5,5,0,20.81,0,11.2,3,0,7,0,0,0,0,0,0,0,5,15,1,1,1,3,3,3,0
285,Abel Mathías Hernández Platero,abel-hernandez,Abel Hernández,74159,22,5,5,0,7.74,0,2.98,14,0,10,0,1,0,0,0,0,0,8,29,1,0,6,8,2,2,0
285,Rodinei Marcelo de Almeida,rodinei,Rodinei,73992,22,2,2,5.7,5.19,1.13,2.1,10,0,16,0,2,0,2,0,0,0,14,82,0,0,2,1,0,0,0
285,Daniel de Sousa Brito,daniel,Daniel,96468,22,1,5,0,2,0,0,0,0,0,0,0,0,0,0,0,0,0,0,0,0,0,0,0,0,0
285,Renzo Saravia,saravia,Saravia,96725,22,2,5,0,18.78,0,7.96,8,0,12,0,1,0,5,0,0,0,15,56,1,0,1,2,0,0,0
285,Rodrigo Dourado Cunha,rodrigo-dourado,Rodrigo Dourado,78865,22,4,6,2,4.71,0.28,0.36,5,0,2,0,1,0,0,0,0,0,3,7,0,0,0,0,0,0,0
285,Yuri Alberto Monteiro da Silva,yuri-alberto,Yuri Alberto,100652,22,5,6,-0.2,2.22,-0.22,1.91,8,0,8,0,1,0,0,0,0,0,1,13,0,0,4,1,2,1,0
285,Keiller da Silva Nunes,keiller,Keiller,93834,22,1,6,0,2,0,0,0,0,0,0,0,0,0,0,0,0,0,0,0,0,0,0,0,0,0
